Name,Email,Location (City),Location (State),Location (Country),Type of Investor,Stage: Investment Thesis,Sector: Investment Thesis,LinkedIn,Website,Fund,Priority Tier,Thesis Match Score,Why This Investor is a Fit,Warm Intro Path,Relationship Strength,Status,Suggested Angle,Speed of Close,Likelihood
Naval Ravikant,,Global,,US,Individual Angel,Pre-Seed to Seed,Tech / SaaS / Crypto,https://linkedin.com/in/navalravikant,https://nav.al,nav.al,Tier 1 - Famous Angel,8/10,Individual Angel focused on Tech / SaaS / Crypto. Stage: Pre-Seed to Seed. Check: $25K-$250K.,Research needed,None,Not Contacted,,Slow,Low-Medium
Jason Calacanis,,US,,US,Individual Angel,Pre-Seed to Series A,Tech / SaaS / AI,https://linkedin.com/in/jasoncalacanis,https://calacanis.com,calacanis.com,Tier 1 - Famous Angel,8/10,Individual Angel focused on Tech / SaaS / AI. Stage: Pre-Seed to Series A. Check: $25K-$100K.,Apply: https://calacanis.com,None,Not Contacted,,Medium,Medium
Elad Gil,,US,,US,Individual Angel,Seed to Series B,Tech / AI / Biotech,https://linkedin.com/in/eladgil,https://eladgil.com,eladgil.com,Tier 1 - Famous Angel,8/10,Individual Angel focused on Tech / AI / Biotech. Stage: Seed to Series B. Check: $100K-$1M.,Research needed,None,Not Contacted,,Slow,Low-Medium
Ron Conway,,San Francisco,CA,US,Individual Angel,Pre-Seed to Seed,Tech / Enterprise / Consumer,https://linkedin.com/in/ronconway,https://svangel.com,svangel.com,Tier 1 - Famous Angel,8/10,Individual Angel focused on Tech / Enterprise / Consumer. Stage: Pre-Seed to Seed. Check: $25K-$250K.,Research needed,None,Not Contacted,,Slow,Low-Medium
Esther Dyson,,US,,US,Individual Angel,Seed,Health / Civic Tech / Space,https://linkedin.com/in/estherdyson,https://edventure.com,edventure.com,Tier 5 - Diversity Focus,7/10,Individual Angel focused on Health / Civic Tech / Space. Stage: Seed. Check: $25K-$500K.,Research needed,None,Not Contacted,,Slow,Low-Medium
Reid Hoffman,,US,,US,Individual Angel,Seed to Series A,Tech / AI / Enterprise SaaS,https://linkedin.com/in/reidhoffman,https://reidhoffman.org,reidhoffman.org,Tier 1 - Famous Angel,8/10,Individual Angel focused on Tech / AI / Enterprise SaaS. Stage: Seed to Series A. Check: $100K-$5M.,Research needed,None,Not Contacted,,Slow,Low-Medium
Marc Benioff,,San Francisco,CA,US,Individual Angel,Seed to Series A,Enterprise / Health / Education,https://linkedin.com/in/marcbenioff,https://salesforce.com,salesforce.com,Tier 1 - Famous Angel,8/10,Individual Angel focused on Enterprise / Health / Education. Stage: Seed to Series A. Check: $100K-$1M.,Research needed,None,Not Contacted,,Slow,Low-Medium
Ashton Kutcher,,Los Angeles,CA,US,Individual Angel,Seed to Series A,Consumer / Media / Health,https://linkedin.com/in/ashaborkin,https://www.soundventures.com,soundventures.com,Tier 1 - Famous Angel,7/10,Individual Angel focused on Consumer / Media / Health. Stage: Seed to Series A. Check: $50K-$500K.,Research needed,None,Not Contacted,,Slow,Low-Medium
Gary Vaynerchuk,,New York,NY,US,Individual Angel,Pre-Seed to Seed,Consumer / Media / Commerce,https://linkedin.com/in/garyvaynerchuk,https://garyvaynerchuk.com,garyvaynerchuk.com,Tier 1 - Famous Angel,7/10,Individual Angel focused on Consumer / Media / Commerce. Stage: Pre-Seed to Seed. Check: $25K-$250K.,Apply: https://garyvaynerchuk.com,None,Not Contacted,,Medium,Medium
Alexis Ohanian,,US,,US,Individual Angel,Pre-Seed to Series A,Tech / Consumer / Creator Economy,https://linkedin.com/in/alexisohanian,https://sevensevensix.com,sevensevensix.com,Tier 1 - Famous Angel,7/10,Individual Angel focused on Tech / Consumer / Creator Economy. Stage: Pre-Seed to Series A. Check: $25K-$500K.,Apply: https://sevensevensix.com,None,Not Contacted,,Medium,Medium
Chris Sacca,,US,,US,Individual Angel,Seed to Series A,Tech / Climate / Consumer,https://linkedin.com/in/chrissacca,https://lowercasecapital.com,lowercasecapital.com,Tier 1 - Famous Angel,7/10,Individual Angel focused on Tech / Climate / Consumer. Stage: Seed to Series A. Check: $100K-$1M.,Research needed,None,Not Contacted,,Slow,Low-Medium
Peter Thiel,,San Francisco,CA,US,Individual Angel,Seed to Series A,Tech / Biotech / Defense / Crypto,https://linkedin.com/in/peterthiel,https://thielfoundation.org,thielfoundation.org,Tier 1 - Famous Angel,7/10,Individual Angel focused on Tech / Biotech / Defense / Crypto. Stage: Seed to Series A. Check: $100K-$5M.,Research needed,None,Not Contacted,,Slow,Low-Medium
Jeff Bezos,,Seattle,WA,US,Individual Angel,Seed to Series A,Tech / Space / Media / Health,,https://bezosexpeditions.com,bezosexpeditions.com,Tier 1 - Famous Angel,7/10,Individual Angel focused on Tech / Space / Media / Health. Stage: Seed to Series A. Check: $100K-$10M.,Research needed,None,Not Contacted,,Slow,Low-Medium
Marc Andreessen,,US,,US,Individual Angel,Seed to Growth,Tech / Enterprise / Crypto,https://linkedin.com/in/marcandreessen,https://a16z.com,a16z.com,Tier 1 - Famous Angel,8/10,Individual Angel focused on Tech / Enterprise / Crypto. Stage: Seed to Growth. Check: $100K-$5M.,Research needed,None,Not Contacted,,Slow,Low-Medium
Tim Ferriss,,Austin,TX,US,Individual Angel,Pre-Seed to Seed,Health / Consumer / SaaS,https://linkedin.com/in/timferriss,https://tim.blog,tim.blog,Tier 1 - Famous Angel,8/10,Individual Angel focused on Health / Consumer / SaaS. Stage: Pre-Seed to Seed. Check: $25K-$250K.,Research needed,None,Not Contacted,,Slow,Low-Medium
Fabrice Grinda,,New York,NY,US,Individual Angel,Pre-Seed to Series A,Marketplaces / Consumer Tech,https://linkedin.com/in/fabricegrinda,https://fabricegrinda.com,fabricegrinda.com,Tier 2 - Super Angel,7/10,Individual Angel focused on Marketplaces / Consumer Tech. Stage: Pre-Seed to Series A. Check: $50K-$500K.,Apply: https://fabricegrinda.com,None,Not Contacted,,Medium,Medium
Cyan Banister,,US,,US,Individual Angel,Pre-Seed to Seed,Tech / AI / Consumer,https://linkedin.com/in/cyanbanister,,,Tier 5 - Diversity Focus,8/10,Individual Angel focused on Tech / AI / Consumer. Stage: Pre-Seed to Seed. Check: $25K-$250K.,Research needed,None,Not Contacted,,Slow,Low-Medium
Scott Belsky,,New York,NY,US,Individual Angel,Seed to Series A,Design / Creative / Consumer,https://linkedin.com/in/scottbelsky,https://scottbelsky.com,scottbelsky.com,Tier 2 - Super Angel,7/10,Individual Angel focused on Design / Creative / Consumer. Stage: Seed to Series A. Check: $25K-$500K.,Research needed,None,Not Contacted,,Slow,Low-Medium
Balaji Srinivasan,,US,,US,Individual Angel,Pre-Seed to Seed,Crypto / Biotech / Network State,https://linkedin.com/in/balajissrinivasan,https://balajis.com,balajis.com,Tier 2 - Super Angel,7/10,Individual Angel focused on Crypto / Biotech / Network State. Stage: Pre-Seed to Seed. Check: $25K-$500K.,Research needed,None,Not Contacted,,Slow,Low-Medium
Li Jin,,San Francisco,CA,US,Individual Angel,Pre-Seed to Seed,Creator Economy / Consumer / Passion Economy,https://linkedin.com/in/lijin,https://atelier.co,atelier.co,Tier 5 - Diversity Focus,7/10,Individual Angel focused on Creator Economy / Consumer / Passion Economy. Stage: Pre-Seed to Seed. Check: $25K-$250K.,Apply: https://atelier.co,None,Not Contacted,,Medium,Medium
Sahil Lavingia,,US,,US,Individual Angel,Pre-Seed to Seed,Creator / Developer Tools / SaaS,https://linkedin.com/in/sahillavingia,https://sahillavingia.com,sahillavingia.com,Tier 2 - Super Angel,8/10,Individual Angel focused on Creator / Developer Tools / SaaS. Stage: Pre-Seed to Seed. Check: $5K-$100K.,Apply: https://sahillavingia.com,None,Not Contacted,,Medium,Medium
Gokul Rajaram,,San Francisco,CA,US,Individual Angel,Seed to Series A,Enterprise / SaaS / Marketplace,https://linkedin.com/in/gokulrajaram,,,Tier 2 - Super Angel,8/10,Individual Angel focused on Enterprise / SaaS / Marketplace. Stage: Seed to Series A. Check: $25K-$250K.,Research needed,None,Not Contacted,,Slow,Low-Medium
Jeff Morris Jr,,Los Angeles,CA,US,Individual Angel,Pre-Seed to Seed,Consumer / Fintech / Crypto,https://linkedin.com/in/jeffmorrisjr,https://chapterone.com,chapterone.com,Tier 2 - Super Angel,8/10,Individual Angel focused on Consumer / Fintech / Crypto. Stage: Pre-Seed to Seed. Check: $10K-$100K.,Apply: https://chapterone.com,None,Not Contacted,,Medium,Medium
Lachy Groom,,San Francisco,CA,US,Individual Angel,Seed to Series A,Fintech / Infrastructure / Enterprise,https://linkedin.com/in/lachygroom,https://lachygroom.com,lachygroom.com,Tier 2 - Super Angel,8/10,Individual Angel focused on Fintech / Infrastructure / Enterprise. Stage: Seed to Series A. Check: $100K-$1M.,Research needed,None,Not Contacted,,Slow,Low-Medium
Josh Buckley,,San Francisco,CA,US,Individual Angel,Pre-Seed to Seed,Consumer / Gaming / Crypto,https://linkedin.com/in/joshbuckley,https://buckley.vc,buckley.vc,Tier 2 - Super Angel,7/10,Individual Angel focused on Consumer / Gaming / Crypto. Stage: Pre-Seed to Seed. Check: $10K-$250K.,Apply: https://buckley.vc,None,Not Contacted,,Medium,Medium
Cindy Bi,,San Francisco,CA,US,Individual Angel,Pre-Seed to Seed,AI / Enterprise / Health Tech,https://linkedin.com/in/cindybi,https://cindybi.com,cindybi.com,Tier 5 - Diversity Focus,8/10,Individual Angel focused on AI / Enterprise / Health Tech. Stage: Pre-Seed to Seed. Check: $25K-$100K.,Research needed,None,Not Contacted,,Slow,Low-Medium
Hunter Walk,,San Francisco,CA,US,Individual Angel,Pre-Seed to Seed,Consumer / EdTech / Media,https://linkedin.com/in/hunterwalk,https://homebrew.co,homebrew.co,Tier 2 - Super Angel,7/10,Individual Angel focused on Consumer / EdTech / Media. Stage: Pre-Seed to Seed. Check: $25K-$250K.,Apply: https://homebrew.co,None,Not Contacted,,Medium,Medium
Satya Patel,,San Francisco,CA,US,Individual Angel,Pre-Seed to Seed,SaaS / Developer Tools / Enterprise,https://linkedin.com/in/satyapatel,https://homebrew.co,homebrew.co,Tier 2 - Super Angel,8/10,Individual Angel focused on SaaS / Developer Tools / Enterprise. Stage: Pre-Seed to Seed. Check: $25K-$250K.,Apply: https://homebrew.co,None,Not Contacted,,Medium,Medium
Semil Shah,,San Francisco,CA,US,Individual Angel,Pre-Seed to Seed,Enterprise / SaaS / Frontier Tech,https://linkedin.com/in/semilshah,https://haystack.vc,haystack.vc,Tier 2 - Super Angel,8/10,Individual Angel focused on Enterprise / SaaS / Frontier Tech. Stage: Pre-Seed to Seed. Check: $25K-$500K.,Apply: https://haystack.vc,None,Not Contacted,,Medium,Medium
David Sacks,,San Francisco,CA,US,Individual Angel,Seed to Series A,Enterprise / SaaS / Crypto,https://linkedin.com/in/davidsacks,https://craft.co,craft.co,Tier 1 - Famous Angel,8/10,Individual Angel focused on Enterprise / SaaS / Crypto. Stage: Seed to Series A. Check: $100K-$2M.,Research needed,None,Not Contacted,,Slow,Low-Medium
Chamath Palihapitiya,,San Francisco,CA,US,Individual Angel,Seed to Growth,Tech / Climate / Health / Fintech,https://linkedin.com/in/chamath,https://socialcapital.com,socialcapital.com,Tier 1 - Famous Angel,8/10,Individual Angel focused on Tech / Climate / Health / Fintech. Stage: Seed to Growth. Check: $100K-$10M.,Research needed,None,Not Contacted,,Slow,Low-Medium
Kevin Hart,,Los Angeles,CA,US,Individual Angel,Seed to Series A,Consumer / Media / Health & Fitness,,https://hartbeat.com,hartbeat.com,Tier 5 - Diversity Focus,7/10,Individual Angel focused on Consumer / Media / Health & Fitness. Stage: Seed to Series A. Check: $50K-$500K.,Research needed,None,Not Contacted,,Slow,Low-Medium
Serena Williams,,US,,US,Individual Angel,Pre-Seed to Series A,Consumer / Health / Female-focused,https://linkedin.com/in/serenawilliams,https://serenawilliams.com,serenawilliams.com,Tier 1 - Famous Angel,7/10,Individual Angel focused on Consumer / Health / Female-focused. Stage: Pre-Seed to Series A. Check: $25K-$500K.,Research needed,None,Not Contacted,,Slow,Low-Medium
Nas (Nasir Jones),,New York,NY,US,Individual Angel,Seed to Series A,Tech / Consumer / Cannabis,,https://queensbridgevp.com,queensbridgevp.com,Tier 5 - Diversity Focus,7/10,Individual Angel focused on Tech / Consumer / Cannabis. Stage: Seed to Series A. Check: $100K-$1M.,Research needed,None,Not Contacted,,Slow,Low-Medium
Jay-Z (Shawn Carter),,New York,NY,US,Individual Angel,Seed to Growth,Consumer / Cannabis / Media / Fintech,,https://marcyventpartners.com,marcyventpartners.com,Tier 1 - Famous Angel,8/10,Individual Angel focused on Consumer / Cannabis / Media / Fintech. Stage: Seed to Growth. Check: $250K-$5M.,Research needed,None,Not Contacted,,Slow,Low-Medium
The Chainsmokers (Mantis VC),,Los Angeles,CA,US,Individual Angel,Pre-Seed to Seed,Consumer / Music Tech / Wellness,https://linkedin.com/in/alexpaaborkin,https://mantis.vc,mantis.vc,Tier 2 - Super Angel,7/10,Individual Angel focused on Consumer / Music Tech / Wellness. Stage: Pre-Seed to Seed. Check: $25K-$250K.,Apply: https://mantis.vc,None,Not Contacted,,Medium,Medium
Will Smith,,Los Angeles,CA,US,Individual Angel,Seed to Series A,Consumer / Media / Health,,https://dreamersvc.com,dreamersvc.com,Tier 5 - Diversity Focus,7/10,Individual Angel focused on Consumer / Media / Health. Stage: Seed to Series A. Check: $100K-$1M.,Research needed,None,Not Contacted,,Slow,Low-Medium
Robert Downey Jr,,Los Angeles,CA,US,Individual Angel,Seed to Series A,Climate / Clean Energy / AI,,https://footprintcoalition.com,footprintcoalition.com,Tier 2 - Super Angel,8/10,Individual Angel focused on Climate / Clean Energy / AI. Stage: Seed to Series A. Check: $100K-$1M.,Research needed,None,Not Contacted,,Slow,Low-Medium
Jared Leto,,Los Angeles,CA,US,Individual Angel,Pre-Seed to Seed,Consumer / Tech / Health,,,,Tier 2 - Super Angel,7/10,Individual Angel focused on Consumer / Tech / Health. Stage: Pre-Seed to Seed. Check: $25K-$250K.,Research needed,None,Not Contacted,,Slow,Low-Medium
Snoop Dogg,,Los Angeles,CA,US,Individual Angel,Seed,Cannabis / Consumer / Media,,https://casaverdecp.com,casaverdecp.com,Tier 5 - Diversity Focus,7/10,Individual Angel focused on Cannabis / Consumer / Media. Stage: Seed. Check: $25K-$500K.,Research needed,None,Not Contacted,,Slow,Low-Medium
Joe Montana,,San Francisco,CA,US,Individual Angel,Seed to Series A,Tech / Consumer / Health,https://linkedin.com/in/joemontana,https://liquidtwoventures.com,liquidtwoventures.com,Tier 2 - Super Angel,7/10,Individual Angel focused on Tech / Consumer / Health. Stage: Seed to Series A. Check: $50K-$500K.,Research needed,None,Not Contacted,,Slow,Low-Medium
Stephen Curry,,San Francisco,CA,US,Individual Angel,Seed to Series A,Consumer / Media / Health,https://linkedin.com/in/stephencurry,,,Tier 5 - Diversity Focus,7/10,Individual Angel focused on Consumer / Media / Health. Stage: Seed to Series A. Check: $50K-$500K.,Research needed,None,Not Contacted,,Slow,Low-Medium
Andre Iguodala,,San Francisco,CA,US,Individual Angel,Pre-Seed to Seed,Tech / Consumer / Health,,,,Tier 5 - Diversity Focus,7/10,Individual Angel focused on Tech / Consumer / Health. Stage: Pre-Seed to Seed. Check: $25K-$250K.,Research needed,None,Not Contacted,,Slow,Low-Medium
Tony Hawk,,San Diego,CA,US,Individual Angel,Pre-Seed to Seed,Consumer / Sports / DTC,,,,Tier 2 - Super Angel,7/10,Individual Angel focused on Consumer / Sports / DTC. Stage: Pre-Seed to Seed. Check: $10K-$100K.,Research needed,None,Not Contacted,,Slow,Low-Medium
Tyra Banks,,Los Angeles,CA,US,Individual Angel,Pre-Seed to Seed,Consumer / Beauty / Female-focused,,,,Tier 5 - Diversity Focus,7/10,Individual Angel focused on Consumer / Beauty / Female-focused. Stage: Pre-Seed to Seed. Check: $25K-$250K.,Research needed,None,Not Contacted,,Slow,Low-Medium
Kim Kardashian,,Los Angeles,CA,US,Individual Angel,Seed to Series A,Consumer / Beauty / DTC,,,,Tier 5 - Diversity Focus,7/10,Individual Angel focused on Consumer / Beauty / DTC. Stage: Seed to Series A. Check: $100K-$1M.,Research needed,None,Not Contacted,,Slow,Low-Medium
Chamillionaire,,Houston,TX,US,Individual Angel,Pre-Seed to Seed,Tech / Consumer,,,,Tier 5 - Diversity Focus,7/10,Individual Angel focused on Tech / Consumer. Stage: Pre-Seed to Seed. Check: $10K-$100K.,Research needed,None,Not Contacted,,Slow,Low-Medium
Troy Carter,,Los Angeles,CA,US,Individual Angel,Pre-Seed to Series A,Music Tech / Consumer / Media,https://linkedin.com/in/troycaborkin,https://q-and-a.com,q-and-a.com,Tier 5 - Diversity Focus,7/10,Individual Angel focused on Music Tech / Consumer / Media. Stage: Pre-Seed to Series A. Check: $25K-$500K.,Research needed,None,Not Contacted,,Slow,Low-Medium
Keith Rabois,,Miami,FL,US,Individual Angel,Seed to Series A,Fintech / Enterprise / Consumer,https://linkedin.com/in/krabois,https://khoslaventures.com,khoslaventures.com,Tier 2 - Super Angel,8/10,Individual Angel focused on Fintech / Enterprise / Consumer. Stage: Seed to Series A. Check: $50K-$1M.,Research needed,None,Not Contacted,,Slow,Low-Medium
Max Levchin,,San Francisco,CA,US,Individual Angel,Seed to Series A,Fintech / Consumer / AI,https://linkedin.com/in/maxlevchin,,,Tier 2 - Super Angel,8/10,Individual Angel focused on Fintech / Consumer / AI. Stage: Seed to Series A. Check: $50K-$1M.,Research needed,None,Not Contacted,,Slow,Low-Medium
Vinod Khosla,,San Francisco,CA,US,Individual Angel,Seed to Series A,Climate / Health / AI / Deep Tech,https://linkedin.com/in/vinodkhosla,https://khoslaventures.com,khoslaventures.com,Tier 1 - Famous Angel,8/10,Individual Angel focused on Climate / Health / AI / Deep Tech. Stage: Seed to Series A. Check: $100K-$5M.,Research needed,None,Not Contacted,,Slow,Low-Medium
Kevin Rose,,Portland,OR,US,Individual Angel,Pre-Seed to Seed,Consumer / Crypto / Web3,https://linkedin.com/in/kevinrose,,,Tier 2 - Super Angel,7/10,Individual Angel focused on Consumer / Crypto / Web3. Stage: Pre-Seed to Seed. Check: $10K-$100K.,Research needed,None,Not Contacted,,Slow,Low-Medium
Matt Mullenweg,,Houston,TX,US,Individual Angel,Pre-Seed to Seed,Developer Tools / Open Source / Consumer,https://linkedin.com/in/mattm,https://ma.tt,ma.tt,Tier 2 - Super Angel,7/10,Individual Angel focused on Developer Tools / Open Source / Consumer. Stage: Pre-Seed to Seed. Check: $25K-$500K.,Research needed,None,Not Contacted,,Slow,Low-Medium
Jack Dorsey,,US,,US,Individual Angel,Seed to Series A,Fintech / Crypto / Social,https://linkedin.com/in/jackdorsey,,,Tier 2 - Super Angel,8/10,Individual Angel focused on Fintech / Crypto / Social. Stage: Seed to Series A. Check: $100K-$5M.,Research needed,None,Not Contacted,,Slow,Low-Medium
Drew Houston,,San Francisco,CA,US,Individual Angel,Seed to Series A,Productivity / SaaS / AI,https://linkedin.com/in/drewhouston,,,Tier 2 - Super Angel,8/10,Individual Angel focused on Productivity / SaaS / AI. Stage: Seed to Series A. Check: $50K-$500K.,Research needed,None,Not Contacted,,Slow,Low-Medium
Ev Williams,,San Francisco,CA,US,Individual Angel,Pre-Seed to Seed,Media / Consumer / Climate,https://linkedin.com/in/evwilliams,,,Tier 2 - Super Angel,7/10,Individual Angel focused on Media / Consumer / Climate. Stage: Pre-Seed to Seed. Check: $25K-$500K.,Research needed,None,Not Contacted,,Slow,Low-Medium
Brian Chesky,,San Francisco,CA,US,Individual Angel,Seed to Series A,Consumer / Travel / Design,https://linkedin.com/in/brianchesky,,,Tier 2 - Super Angel,7/10,Individual Angel focused on Consumer / Travel / Design. Stage: Seed to Series A. Check: $100K-$1M.,Research needed,None,Not Contacted,,Slow,Low-Medium
Aaron Levie,,San Francisco,CA,US,Individual Angel,Pre-Seed to Seed,Enterprise / SaaS / AI,https://linkedin.com/in/aaronlevie,,,Tier 2 - Super Angel,8/10,Individual Angel focused on Enterprise / SaaS / AI. Stage: Pre-Seed to Seed. Check: $25K-$250K.,Research needed,None,Not Contacted,,Slow,Low-Medium
Dharmesh Shah,,Boston,MA,US,Individual Angel,Pre-Seed to Seed,SaaS / MarTech / AI,https://linkedin.com/in/dharmesh,https://dharmesh.com,dharmesh.com,Tier 2 - Super Angel,8/10,Individual Angel focused on SaaS / MarTech / AI. Stage: Pre-Seed to Seed. Check: $25K-$500K.,Research needed,None,Not Contacted,,Slow,Low-Medium
Sunil Dhaliwal,,San Francisco,CA,US,Individual Angel,Pre-Seed to Seed,Enterprise / Cloud / Security,https://linkedin.com/in/sunildhaliwal,https://amplifypartners.com,amplifypartners.com,Tier 2 - Super Angel,8/10,Individual Angel focused on Enterprise / Cloud / Security. Stage: Pre-Seed to Seed. Check: $25K-$250K.,Research needed,None,Not Contacted,,Slow,Low-Medium
Elad Goldenberg,,San Francisco,CA,US,Individual Angel,Pre-Seed to Seed,Consumer / Marketplace / SaaS,https://linkedin.com/in/eladg,,,Tier 2 - Super Angel,8/10,Individual Angel focused on Consumer / Marketplace / SaaS. Stage: Pre-Seed to Seed. Check: $10K-$100K.,Research needed,None,Not Contacted,,Slow,Low-Medium
Arianna Huffington,,New York,NY,US,Individual Angel,Pre-Seed to Seed,Health / Wellness / Media,https://linkedin.com/in/ariannahuffington,https://thriveglobal.com,thriveglobal.com,Tier 5 - Diversity Focus,7/10,Individual Angel focused on Health / Wellness / Media. Stage: Pre-Seed to Seed. Check: $25K-$250K.,Research needed,None,Not Contacted,,Slow,Low-Medium
Tina Sharkey,,San Francisco,CA,US,Individual Angel,Pre-Seed to Seed,Consumer / DTC / Community,https://linkedin.com/in/tinasharkey,,,Tier 5 - Diversity Focus,7/10,Individual Angel focused on Consumer / DTC / Community. Stage: Pre-Seed to Seed. Check: $25K-$250K.,Research needed,None,Not Contacted,,Slow,Low-Medium
Joanne Wilson,,New York,NY,US,Individual Angel,Pre-Seed to Seed,Consumer / Food / Female Founders,https://linkedin.com/in/joannewilson,https://gothamgal.com,gothamgal.com,Tier 5 - Diversity Focus,7/10,Individual Angel focused on Consumer / Food / Female Founders. Stage: Pre-Seed to Seed. Check: $25K-$250K.,Apply: https://gothamgal.com,None,Not Contacted,,Medium,Medium
Pejman Nozad,,Palo Alto,CA,US,Individual Angel,Pre-Seed to Seed,Tech / Enterprise / Consumer,https://linkedin.com/in/pejmannozad,https://pearnvc.com,pearnvc.com,Tier 2 - Super Angel,8/10,Individual Angel focused on Tech / Enterprise / Consumer. Stage: Pre-Seed to Seed. Check: $25K-$500K.,Research needed,None,Not Contacted,,Slow,Low-Medium
Ben Horowitz,,San Francisco,CA,US,Individual Angel,Seed to Series A,Enterprise / Crypto / Culture,https://linkedin.com/in/beaborkin,https://a16z.com,a16z.com,Tier 5 - Diversity Focus,8/10,Individual Angel focused on Enterprise / Crypto / Culture. Stage: Seed to Series A. Check: $100K-$5M.,Research needed,None,Not Contacted,,Slow,Low-Medium
Garry Tan,,San Francisco,CA,US,Individual Angel,Pre-Seed to Seed,Developer Tools / AI / Consumer,https://linkedin.com/in/garrytan,https://ycombinator.com,ycombinator.com,Tier 2 - Super Angel,8/10,Individual Angel focused on Developer Tools / AI / Consumer. Stage: Pre-Seed to Seed. Check: $25K-$500K.,Apply: https://ycombinator.com,None,Not Contacted,,Medium,Medium
Anu Duggal,,New York,NY,US,Individual Angel,Pre-Seed to Seed,Consumer / Health / Fintech,https://linkedin.com/in/anuduggal,https://femalefounderfund.com,femalefounderfund.com,Tier 5 - Diversity Focus,8/10,Individual Angel focused on Consumer / Health / Fintech. Stage: Pre-Seed to Seed. Check: $25K-$250K.,Apply: https://femalefounderfund.com,None,Not Contacted,,Medium,Medium
Shana Fisher,,New York,NY,US,Individual Angel,Pre-Seed to Seed,Consumer / Media / Tech,https://linkedin.com/in/shanafisher,https://third-kind.com,third-kind.com,Tier 5 - Diversity Focus,7/10,Individual Angel focused on Consumer / Media / Tech. Stage: Pre-Seed to Seed. Check: $25K-$250K.,Research needed,None,Not Contacted,,Slow,Low-Medium
Susan Lyne,,New York,NY,US,Individual Angel,Pre-Seed to Seed,Consumer / Media / Female-focused,https://linkedin.com/in/susanlyne,https://bbeventures.com,bbeventures.com,Tier 5 - Diversity Focus,7/10,Individual Angel focused on Consumer / Media / Female-focused. Stage: Pre-Seed to Seed. Check: $25K-$250K.,Research needed,None,Not Contacted,,Slow,Low-Medium
Aileen Lee,,Palo Alto,CA,US,Individual Angel,Seed to Series A,Consumer / Enterprise / Fintech,https://linkedin.com/in/aileenwlee,https://cowboy.vc,cowboy.vc,Tier 5 - Diversity Focus,8/10,Individual Angel focused on Consumer / Enterprise / Fintech. Stage: Seed to Series A. Check: $50K-$500K.,Research needed,None,Not Contacted,,Slow,Low-Medium
Arlan Hamilton,,Los Angeles,CA,US,Individual Angel,Pre-Seed to Seed,Tech / Consumer / Enterprise,https://linkedin.com/in/arlanhamilton,https://backstagecapital.com,backstagecapital.com,Tier 5 - Diversity Focus,8/10,Individual Angel focused on Tech / Consumer / Enterprise. Stage: Pre-Seed to Seed. Check: $25K-$250K.,Apply: https://backstagecapital.com,None,Not Contacted,,Medium,Medium
Charles Hudson,,San Francisco,CA,US,Individual Angel,Pre-Seed to Seed,Consumer / Mobile / Gaming,https://linkedin.com/in/cehudson,https://precursorvc.com,precursorvc.com,Tier 5 - Diversity Focus,7/10,Individual Angel focused on Consumer / Mobile / Gaming. Stage: Pre-Seed to Seed. Check: $25K-$250K.,Apply: https://precursorvc.com,None,Not Contacted,,Medium,Medium
Monique Woodard,,San Francisco,CA,US,Individual Angel,Pre-Seed to Seed,Consumer / Aging / Demographic Shifts,https://linkedin.com/in/moniquewoodard,https://cakeventures.com,cakeventures.com,Tier 5 - Diversity Focus,7/10,Individual Angel focused on Consumer / Aging / Demographic Shifts. Stage: Pre-Seed to Seed. Check: $25K-$250K.,Apply: https://cakeventures.com,None,Not Contacted,,Medium,Medium
Lo Toney,,Oakland,CA,US,Individual Angel,Pre-Seed to Seed,Enterprise / Consumer / Fintech,https://linkedin.com/in/lotoney,https://platovc.com,platovc.com,Tier 5 - Diversity Focus,8/10,Individual Angel focused on Enterprise / Consumer / Fintech. Stage: Pre-Seed to Seed. Check: $25K-$500K.,Apply: https://platovc.com,None,Not Contacted,,Medium,Medium
Sydney Thomas,,San Francisco,CA,US,Individual Angel,Pre-Seed to Seed,Consumer / Health / Enterprise,https://linkedin.com/in/sydneythomas,https://precursorvc.com,precursorvc.com,Tier 5 - Diversity Focus,8/10,Individual Angel focused on Consumer / Health / Enterprise. Stage: Pre-Seed to Seed. Check: $10K-$100K.,Apply: https://precursorvc.com,None,Not Contacted,,Medium,Medium
Payal Kadakia,,New York,NY,US,Individual Angel,Pre-Seed to Seed,Consumer / Health / Wellness,https://linkedin.com/in/payalkadakia,,,Tier 5 - Diversity Focus,7/10,Individual Angel focused on Consumer / Health / Wellness. Stage: Pre-Seed to Seed. Check: $10K-$100K.,Research needed,None,Not Contacted,,Slow,Low-Medium
Brit Morin,,San Francisco,CA,US,Individual Angel,Pre-Seed to Seed,Consumer / Creator Economy / Female-focused,https://linkedin.com/in/britmorin,https://britmorin.com,britmorin.com,Tier 5 - Diversity Focus,7/10,Individual Angel focused on Consumer / Creator Economy / Female-focused. Stage: Pre-Seed to Seed. Check: $10K-$100K.,Research needed,None,Not Contacted,,Slow,Low-Medium
Daniel Gross,,San Francisco,CA,US,Individual Angel,Pre-Seed to Seed,AI / Deep Tech / Developer Tools,https://linkedin.com/in/dangross,https://dcgross.com,dcgross.com,Tier 2 - Super Angel,8/10,Individual Angel focused on AI / Deep Tech / Developer Tools. Stage: Pre-Seed to Seed. Check: $25K-$500K.,Research needed,None,Not Contacted,,Slow,Low-Medium
Nivi (Babak Nivi),,US,,US,Individual Angel,Pre-Seed to Seed,Tech / SaaS / Marketplaces,,https://venturehacks.com,venturehacks.com,Tier 2 - Super Angel,8/10,Individual Angel focused on Tech / SaaS / Marketplaces. Stage: Pre-Seed to Seed. Check: $25K-$250K.,Research needed,None,Not Contacted,,Slow,Low-Medium
Nir Eyal,,US,,US,Individual Angel,Pre-Seed to Seed,Consumer / Behavioral Design / EdTech,https://linkedin.com/in/nireyal,https://nirandfar.com,nirandfar.com,Tier 2 - Super Angel,7/10,Individual Angel focused on Consumer / Behavioral Design / EdTech. Stage: Pre-Seed to Seed. Check: $10K-$100K.,Research needed,None,Not Contacted,,Slow,Low-Medium
Ryan Hoover,,San Francisco,CA,US,Individual Angel,Pre-Seed to Seed,Consumer / Community / Creator,https://linkedin.com/in/ryanhoover,https://ryanhoover.me,ryanhoover.me,Tier 2 - Super Angel,7/10,Individual Angel focused on Consumer / Community / Creator. Stage: Pre-Seed to Seed. Check: $5K-$50K.,Apply: https://ryanhoover.me,None,Not Contacted,,Medium,Medium
Hiten Shah,,San Francisco,CA,US,Individual Angel,Pre-Seed to Seed,SaaS / Analytics / Product,https://linkedin.com/in/hitenshah,https://hitenism.com,hitenism.com,Tier 2 - Super Angel,8/10,Individual Angel focused on SaaS / Analytics / Product. Stage: Pre-Seed to Seed. Check: $10K-$100K.,Apply: https://hitenism.com,None,Not Contacted,,Medium,Medium
Steph Smith,,US,,US,Individual Angel,Pre-Seed to Seed,Creator Economy / Developer Tools / Content,https://linkedin.com/in/stephsmithio,https://stephsmith.io,stephsmith.io,Tier 5 - Diversity Focus,7/10,Individual Angel focused on Creator Economy / Developer Tools / Content. Stage: Pre-Seed to Seed. Check: $5K-$50K.,Apply: https://stephsmith.io,None,Not Contacted,,Medium,Medium
Harry Stebbings,,London,,UK,Individual Angel,Pre-Seed to Seed,SaaS / Enterprise / Consumer,https://linkedin.com/in/harrystebbings,https://20vc.com,20vc.com,Tier 2 - Super Angel,8/10,Individual Angel focused on SaaS / Enterprise / Consumer. Stage: Pre-Seed to Seed. Check: $25K-$500K.,Apply: https://20vc.com,None,Not Contacted,,Medium,Medium
Reshma Shetty,,Boston,MA,US,Individual Angel,Pre-Seed to Seed,Biotech / Synthetic Biology / Climate,https://linkedin.com/in/reshmashetty,,,Tier 5 - Diversity Focus,7/10,Individual Angel focused on Biotech / Synthetic Biology / Climate. Stage: Pre-Seed to Seed. Check: $25K-$250K.,Research needed,None,Not Contacted,,Slow,Low-Medium
Julia Hartz,,San Francisco,CA,US,Individual Angel,Pre-Seed to Seed,Consumer / Events / Tech,https://linkedin.com/in/juliahartz,,,Tier 5 - Diversity Focus,7/10,Individual Angel focused on Consumer / Events / Tech. Stage: Pre-Seed to Seed. Check: $25K-$250K.,Research needed,None,Not Contacted,,Slow,Low-Medium
Katrina Lake,,San Francisco,CA,US,Individual Angel,Pre-Seed to Seed,Consumer / Retail / AI/ML,https://linkedin.com/in/katrinalake,,,Tier 5 - Diversity Focus,8/10,Individual Angel focused on Consumer / Retail / AI/ML. Stage: Pre-Seed to Seed. Check: $25K-$250K.,Research needed,None,Not Contacted,,Slow,Low-Medium
Jenny Lefcourt,,San Francisco,CA,US,Individual Angel,Pre-Seed to Seed,Consumer / Marketplace / Female-focused,https://linkedin.com/in/jennylefcourt,https://freestylevc.com,freestylevc.com,Tier 5 - Diversity Focus,7/10,Individual Angel focused on Consumer / Marketplace / Female-focused. Stage: Pre-Seed to Seed. Check: $25K-$100K.,Research needed,None,Not Contacted,,Slow,Low-Medium
Ann Miura-Ko,,Palo Alto,CA,US,Individual Angel,Pre-Seed to Seed,Enterprise / Deep Tech / Marketplace,https://linkedin.com/in/annmiurako,https://floodgate.com,floodgate.com,Tier 5 - Diversity Focus,8/10,Individual Angel focused on Enterprise / Deep Tech / Marketplace. Stage: Pre-Seed to Seed. Check: $25K-$500K.,Research needed,None,Not Contacted,,Slow,Low-Medium
Kirsten Green,,San Francisco,CA,US,Individual Angel,Seed to Series A,Consumer / DTC / Retail,https://linkedin.com/in/kirstengreen,https://forerunnerventures.com,forerunnerventures.com,Tier 5 - Diversity Focus,7/10,Individual Angel focused on Consumer / DTC / Retail. Stage: Seed to Series A. Check: $50K-$500K.,Research needed,None,Not Contacted,,Slow,Low-Medium
Sarah Tavel,,San Francisco,CA,US,Individual Angel,Pre-Seed to Seed,Consumer / Marketplace / Growth,https://linkedin.com/in/sarahtavel,https://benchmark.com,benchmark.com,Tier 5 - Diversity Focus,7/10,Individual Angel focused on Consumer / Marketplace / Growth. Stage: Pre-Seed to Seed. Check: $25K-$250K.,Research needed,None,Not Contacted,,Slow,Low-Medium
Theresia Gouw,,San Francisco,CA,US,Individual Angel,Pre-Seed to Seed,Enterprise / Security / Cloud,https://linkedin.com/in/tgouw,https://acrew.capital,acrew.capital,Tier 5 - Diversity Focus,8/10,Individual Angel focused on Enterprise / Security / Cloud. Stage: Pre-Seed to Seed. Check: $25K-$500K.,Research needed,None,Not Contacted,,Slow,Low-Medium
Sukhinder Singh Cassidy,,San Francisco,CA,US,Individual Angel,Pre-Seed to Seed,Consumer / Marketplace / Enterprise,https://linkedin.com/in/sukhinder,https://borderfree.com,borderfree.com,Tier 5 - Diversity Focus,8/10,Individual Angel focused on Consumer / Marketplace / Enterprise. Stage: Pre-Seed to Seed. Check: $25K-$250K.,Research needed,None,Not Contacted,,Slow,Low-Medium
Mac Conwell,,Baltimore,MD,US,Individual Angel,Pre-Seed to Seed,Enterprise / SaaS / Diverse Founders,https://linkedin.com/in/macconwell,https://rarebreedvc.com,rarebreedvc.com,Tier 5 - Diversity Focus,8/10,Individual Angel focused on Enterprise / SaaS / Diverse Founders. Stage: Pre-Seed to Seed. Check: $25K-$250K.,Apply: https://rarebreedvc.com,None,Not Contacted,,Medium,Medium
Brian Rumao,,San Francisco,CA,US,Individual Angel,Pre-Seed to Seed,Enterprise / SaaS / Fintech,https://linkedin.com/in/brianrumao,,,Tier 2 - Super Angel,8/10,Individual Angel focused on Enterprise / SaaS / Fintech. Stage: Pre-Seed to Seed. Check: $10K-$100K.,Research needed,None,Not Contacted,,Slow,Low-Medium
April Underwood,,San Francisco,CA,US,Individual Angel,Pre-Seed to Seed,Consumer / SaaS / Climate,https://linkedin.com/in/aprilunderwood,,,Tier 5 - Diversity Focus,8/10,Individual Angel focused on Consumer / SaaS / Climate. Stage: Pre-Seed to Seed. Check: $25K-$250K.,Research needed,None,Not Contacted,,Slow,Low-Medium
Lenny Rachitsky,,San Francisco,CA,US,Individual Angel,Pre-Seed to Seed,Consumer / Product / Growth,https://linkedin.com/in/lennyrachitsky,https://lennysnewsletter.com,lennysnewsletter.com,Tier 2 - Super Angel,7/10,Individual Angel focused on Consumer / Product / Growth. Stage: Pre-Seed to Seed. Check: $10K-$100K.,Apply: https://lennysnewsletter.com,None,Not Contacted,,Medium,Medium
Erik Torenberg,,San Francisco,CA,US,Individual Angel,Pre-Seed to Seed,Tech / Community / Crypto,https://linkedin.com/in/eriktorenberg,https://turpentine.co,turpentine.co,Tier 2 - Super Angel,7/10,Individual Angel focused on Tech / Community / Crypto. Stage: Pre-Seed to Seed. Check: $10K-$250K.,Apply: https://turpentine.co,None,Not Contacted,,Medium,Medium
Pomp (Anthony Pompliano),,Miami,FL,US,Individual Angel,Pre-Seed to Seed,Crypto / Fintech / Consumer,https://linkedin.com/in/anthonypompliano,https://pomp.co,pomp.co,Tier 2 - Super Angel,8/10,Individual Angel focused on Crypto / Fintech / Consumer. Stage: Pre-Seed to Seed. Check: $25K-$250K.,Apply: https://pomp.co,None,Not Contacted,,Medium,Medium
Alexia Bonatsos,,San Francisco,CA,US,Individual Angel,Pre-Seed to Seed,Consumer / AI / Crypto,https://linkedin.com/in/alexiabonatsos,https://dreammachinevp.com,dreammachinevp.com,Tier 5 - Diversity Focus,8/10,Individual Angel focused on Consumer / AI / Crypto. Stage: Pre-Seed to Seed. Check: $25K-$500K.,Apply: https://dreammachinevp.com,None,Not Contacted,,Medium,Medium
Mike Maples Jr,,Austin,TX,US,Individual Angel,Pre-Seed to Seed,Enterprise / Consumer / Deep Tech,https://linkedin.com/in/maborkin,https://floodgate.com,floodgate.com,Tier 2 - Super Angel,8/10,Individual Angel focused on Enterprise / Consumer / Deep Tech. Stage: Pre-Seed to Seed. Check: $50K-$1M.,Research needed,None,Not Contacted,,Slow,Low-Medium
Dave Morin,,San Francisco,CA,US,Individual Angel,Pre-Seed to Seed,Consumer / Social / Health,https://linkedin.com/in/davemorin,https://slow.co,slow.co,Tier 2 - Super Angel,7/10,Individual Angel focused on Consumer / Social / Health. Stage: Pre-Seed to Seed. Check: $25K-$250K.,Research needed,None,Not Contacted,,Slow,Low-Medium
Craig Newmark,,New York,NY,US,Individual Angel,Pre-Seed to Seed,Civic Tech / Journalism / Cybersecurity,https://linkedin.com/in/craignewmark,https://craignewmarkphilanthropies.org,craignewmarkphilanthropies.org,Tier 2 - Super Angel,7/10,Individual Angel focused on Civic Tech / Journalism / Cybersecurity. Stage: Pre-Seed to Seed. Check: $25K-$500K.,Research needed,None,Not Contacted,,Slow,Low-Medium
Jude Gomila,,San Francisco,CA,US,Individual Angel,Pre-Seed to Seed,AI / Fintech / Deep Tech,https://linkedin.com/in/judegomila,https://goldenfm.com,goldenfm.com,Tier 2 - Super Angel,8/10,Individual Angel focused on AI / Fintech / Deep Tech. Stage: Pre-Seed to Seed. Check: $10K-$100K.,Apply: https://goldenfm.com,None,Not Contacted,,Medium,Medium
Brian Singerman,,San Francisco,CA,US,Individual Angel,Seed to Series A,Biotech / Deep Tech / Frontier,https://linkedin.com/in/briansingerman,https://foundersfund.com,foundersfund.com,Tier 2 - Super Angel,7/10,Individual Angel focused on Biotech / Deep Tech / Frontier. Stage: Seed to Series A. Check: $100K-$2M.,Research needed,None,Not Contacted,,Slow,Low-Medium
Parker Conrad,,San Francisco,CA,US,Individual Angel,Pre-Seed to Seed,Enterprise / HR Tech / Vertical SaaS,https://linkedin.com/in/parkerconrad,,,Tier 2 - Super Angel,8/10,Individual Angel focused on Enterprise / HR Tech / Vertical SaaS. Stage: Pre-Seed to Seed. Check: $25K-$250K.,Research needed,None,Not Contacted,,Slow,Low-Medium
Immad Akhund,,San Francisco,CA,US,Individual Angel,Pre-Seed to Seed,Fintech / SaaS / Developer Tools,https://linkedin.com/in/immadakhund,,,Tier 2 - Super Angel,8/10,Individual Angel focused on Fintech / SaaS / Developer Tools. Stage: Pre-Seed to Seed. Check: $10K-$250K.,Research needed,None,Not Contacted,,Slow,Low-Medium
Guillermo Rauch,,San Francisco,CA,US,Individual Angel,Pre-Seed to Seed,Developer Tools / Infrastructure / AI,https://linkedin.com/in/guillrauch,,,Tier 2 - Super Angel,8/10,Individual Angel focused on Developer Tools / Infrastructure / AI. Stage: Pre-Seed to Seed. Check: $10K-$100K.,Research needed,None,Not Contacted,,Slow,Low-Medium
Sriram Krishnan,,San Francisco,CA,US,Individual Angel,Pre-Seed to Seed,Consumer / Social / AI / Crypto,https://linkedin.com/in/sriramk,,,Tier 5 - Diversity Focus,8/10,Individual Angel focused on Consumer / Social / AI / Crypto. Stage: Pre-Seed to Seed. Check: $10K-$250K.,Research needed,None,Not Contacted,,Slow,Low-Medium
Delian Asparouhov,,San Francisco,CA,US,Individual Angel,Pre-Seed to Seed,Defense / Space / Deep Tech,https://linkedin.com/in/delianasparouhov,,,Tier 2 - Super Angel,7/10,Individual Angel focused on Defense / Space / Deep Tech. Stage: Pre-Seed to Seed. Check: $25K-$250K.,Research needed,None,Not Contacted,,Slow,Low-Medium
Packy McCormick,,New York,NY,US,Individual Angel,Pre-Seed to Seed,Consumer / Strategy / Web3,https://linkedin.com/in/packymccormick,https://notboring.co,notboring.co,Tier 2 - Super Angel,7/10,Individual Angel focused on Consumer / Strategy / Web3. Stage: Pre-Seed to Seed. Check: $10K-$100K.,Apply: https://notboring.co,None,Not Contacted,,Medium,Medium
Sahil Bloom,,US,,US,Individual Angel,Pre-Seed to Seed,Consumer / Creator Economy / Health,https://linkedin.com/in/sahilbloom,https://sahilbloom.com,sahilbloom.com,Tier 2 - Super Angel,7/10,Individual Angel focused on Consumer / Creator Economy / Health. Stage: Pre-Seed to Seed. Check: $10K-$100K.,Apply: https://sahilbloom.com,None,Not Contacted,,Medium,Medium
Stefan Batory,,London,,Europe,Individual Angel,Pre-Seed to Seed,Marketplaces / Logistics / Fintech,https://linkedin.com/in/stefanbatory,,,Tier 2 - Super Angel,8/10,Individual Angel focused on Marketplaces / Logistics / Fintech. Stage: Pre-Seed to Seed. Check: $25K-$250K.,Research needed,None,Not Contacted,,Slow,Low-Medium
Carlos Eduardo Espinal,,London,,Europe,Individual Angel,Pre-Seed to Seed,Enterprise / SaaS / Deep Tech,https://linkedin.com/in/cespaborkin,https://seedcamp.com,seedcamp.com,Tier 2 - Super Angel,8/10,Individual Angel focused on Enterprise / SaaS / Deep Tech. Stage: Pre-Seed to Seed. Check: $25K-$250K.,Apply: https://seedcamp.com,None,Not Contacted,,Medium,Medium
Christoph Janz,,Berlin,,Europe,Individual Angel,Pre-Seed to Seed,SaaS / Marketplaces / Enterprise,https://linkedin.com/in/christophjanz,https://pointninecap.com,pointninecap.com,Tier 2 - Super Angel,8/10,Individual Angel focused on SaaS / Marketplaces / Enterprise. Stage: Pre-Seed to Seed. Check: $25K-$500K.,Apply: https://pointninecap.com,None,Not Contacted,,Medium,Medium
Taavet Hinrikus,,London,,Europe,Individual Angel,Pre-Seed to Seed,Fintech / Consumer / Deep Tech,https://linkedin.com/in/taavethinrikus,,,Tier 2 - Super Angel,8/10,Individual Angel focused on Fintech / Consumer / Deep Tech. Stage: Pre-Seed to Seed. Check: $25K-$500K.,Research needed,None,Not Contacted,,Slow,Low-Medium
Niklas Zennström,,London,,Europe,Individual Angel,Seed to Series A,Tech / Climate / Deep Tech,https://linkedin.com/in/niklaszennstrom,https://atomico.com,atomico.com,Tier 2 - Super Angel,7/10,Individual Angel focused on Tech / Climate / Deep Tech. Stage: Seed to Series A. Check: $100K-$2M.,Research needed,None,Not Contacted,,Slow,Low-Medium
Eileen Burbidge,,London,,UK,Individual Angel,Pre-Seed to Seed,Fintech / Marketplace / Enterprise,https://linkedin.com/in/eileenburbidge,https://passion.capital,passion.capital,Tier 5 - Diversity Focus,8/10,Individual Angel focused on Fintech / Marketplace / Enterprise. Stage: Pre-Seed to Seed. Check: $25K-$250K.,Apply: https://passion.capital,None,Not Contacted,,Medium,Medium
Ed Zimmerman,,New York,NY,US,Individual Angel,Pre-Seed to Seed,Enterprise / Legal Tech / Media,https://linkedin.com/in/edzimmerman,,,Tier 2 - Super Angel,8/10,Individual Angel focused on Enterprise / Legal Tech / Media. Stage: Pre-Seed to Seed. Check: $10K-$100K.,Research needed,None,Not Contacted,,Slow,Low-Medium
Manu Kumar,,Palo Alto,CA,US,Individual Angel,Pre-Seed to Seed,Enterprise / SaaS / Dev Tools,https://linkedin.com/in/manuaborkin,https://k9ventures.com,k9ventures.com,Tier 2 - Super Angel,8/10,Individual Angel focused on Enterprise / SaaS / Dev Tools. Stage: Pre-Seed to Seed. Check: $25K-$250K.,Research needed,None,Not Contacted,,Slow,Low-Medium
Ben Ling,,San Francisco,CA,US,Individual Angel,Pre-Seed to Seed,Consumer / Fintech / Enterprise,https://linkedin.com/in/benling,https://bling.capital,bling.capital,Tier 2 - Super Angel,8/10,Individual Angel focused on Consumer / Fintech / Enterprise. Stage: Pre-Seed to Seed. Check: $10K-$250K.,Apply: https://bling.capital,None,Not Contacted,,Medium,Medium
Itai Tsiddon,,Tel Aviv,,Israel,Individual Angel,Pre-Seed to Seed,Consumer / Social / Gaming,https://linkedin.com/in/itaitsiddon,,,Tier 2 - Super Angel,7/10,Individual Angel focused on Consumer / Social / Gaming. Stage: Pre-Seed to Seed. Check: $10K-$100K.,Research needed,None,Not Contacted,,Slow,Low-Medium
Michael Seibel,,San Francisco,CA,US,Individual Angel,Pre-Seed to Seed,Consumer / Enterprise / YC founders,https://linkedin.com/in/mseibel,https://ycombinator.com,ycombinator.com,Tier 5 - Diversity Focus,8/10,Individual Angel focused on Consumer / Enterprise / YC founders. Stage: Pre-Seed to Seed. Check: $10K-$100K.,Apply: https://ycombinator.com,None,Not Contacted,,Medium,Medium
Gustaf Alströmer,,San Francisco,CA,US,Individual Angel,Pre-Seed to Seed,Growth / Consumer / SaaS,https://linkedin.com/in/gustaf,https://ycombinator.com,ycombinator.com,Tier 2 - Super Angel,8/10,Individual Angel focused on Growth / Consumer / SaaS. Stage: Pre-Seed to Seed. Check: $10K-$100K.,Apply: https://ycombinator.com,None,Not Contacted,,Medium,Medium
Kat Mañalac,,San Francisco,CA,US,Individual Angel,Pre-Seed to Seed,Consumer / Community / Culture,https://linkedin.com/in/katmanalac,https://ycombinator.com,ycombinator.com,Tier 5 - Diversity Focus,7/10,Individual Angel focused on Consumer / Community / Culture. Stage: Pre-Seed to Seed. Check: $10K-$50K.,Apply: https://ycombinator.com,None,Not Contacted,,Medium,Medium
Tikhon Bernstam,,San Francisco,CA,US,Individual Angel,Pre-Seed to Seed,Enterprise / Developer / Consumer,https://linkedin.com/in/tikhon,https://parseventures.com,parseventures.com,Tier 2 - Super Angel,8/10,Individual Angel focused on Enterprise / Developer / Consumer. Stage: Pre-Seed to Seed. Check: $25K-$250K.,Research needed,None,Not Contacted,,Slow,Low-Medium
Ricardo Reis,,Lisbon,,Europe,Individual Angel,Pre-Seed to Seed,Fintech / Marketplace / SaaS,https://linkedin.com/in/ricardoreis,,,Tier 2 - Super Angel,8/10,Individual Angel focused on Fintech / Marketplace / SaaS. Stage: Pre-Seed to Seed. Check: $10K-$100K.,Research needed,None,Not Contacted,,Slow,Low-Medium
Peng T. Ong,,Singapore,,Asia,Individual Angel,Pre-Seed to Seed,Enterprise / AI / SaaS,https://linkedin.com/in/pengaborkin,https://monkshill.com,monkshill.com,Tier 2 - Super Angel,8/10,Individual Angel focused on Enterprise / AI / SaaS. Stage: Pre-Seed to Seed. Check: $25K-$500K.,Apply: https://monkshill.com,None,Not Contacted,,Medium,Medium
Khailee Ng,,Kuala Lumpur,,Asia,Individual Angel,Pre-Seed to Seed,Consumer / Fintech / Marketplace,https://linkedin.com/in/khaborkin,https://500.co,500.co,Tier 5 - Diversity Focus,8/10,Individual Angel focused on Consumer / Fintech / Marketplace. Stage: Pre-Seed to Seed. Check: $10K-$250K.,Apply: https://500.co,None,Not Contacted,,Medium,Medium
Kunal Shah,,Mumbai,,India,Individual Angel,Pre-Seed to Seed,Fintech / Consumer / SaaS,https://linkedin.com/in/kunalshah1,https://credclub.in,credclub.in,Tier 5 - Diversity Focus,8/10,Individual Angel focused on Fintech / Consumer / SaaS. Stage: Pre-Seed to Seed. Check: $10K-$250K.,Research needed,None,Not Contacted,,Slow,Low-Medium
Nithin Kamath,,Bangalore,,India,Individual Angel,Pre-Seed to Seed,Fintech / Consumer / EdTech,https://linkedin.com/in/nithinkamath,https://rainmatter.com,rainmatter.com,Tier 5 - Diversity Focus,8/10,Individual Angel focused on Fintech / Consumer / EdTech. Stage: Pre-Seed to Seed. Check: $10K-$250K.,Apply: https://rainmatter.com,None,Not Contacted,,Medium,Medium
Sandeep Nailwal,,Dubai,,US,Individual Angel,Pre-Seed to Seed,Crypto / Web3 / Infrastructure,https://linkedin.com/in/sandeepnailwal,,,Tier 5 - Diversity Focus,7/10,Individual Angel focused on Crypto / Web3 / Infrastructure. Stage: Pre-Seed to Seed. Check: $25K-$250K.,Research needed,None,Not Contacted,,Slow,Low-Medium
Mike Jones,,Los Angeles,CA,US,Individual Angel,Pre-Seed to Seed,Consumer / Media / Entertainment,https://linkedin.com/in/mikejones,https://scienceincubator.com,scienceincubator.com,Tier 2 - Super Angel,7/10,Individual Angel focused on Consumer / Media / Entertainment. Stage: Pre-Seed to Seed. Check: $25K-$250K.,Apply: https://scienceincubator.com,None,Not Contacted,,Medium,Medium
Gil Penchina,,Reno,NV,US,Individual Angel,Pre-Seed to Seed,Tech / Consumer / Enterprise,https://linkedin.com/in/gilpenchina,,,Tier 2 - Super Angel,8/10,Individual Angel focused on Tech / Consumer / Enterprise. Stage: Pre-Seed to Seed. Check: $10K-$100K.,Research needed,None,Not Contacted,,Medium,Medium
David Cancel,,Boston,MA,US,Individual Angel,Pre-Seed to Seed,SaaS / MarTech / Conversational AI,https://linkedin.com/in/dcancel,https://drift.com,drift.com,Tier 2 - Super Angel,8/10,Individual Angel focused on SaaS / MarTech / Conversational AI. Stage: Pre-Seed to Seed. Check: $10K-$100K.,Research needed,None,Not Contacted,,Slow,Low-Medium
Brendan Wallace,,Los Angeles,CA,US,Individual Angel,Pre-Seed to Seed,Real Estate Tech / Climate / Fintech,https://linkedin.com/in/brendanwallace,https://fifthwall.com,fifthwall.com,Tier 2 - Super Angel,8/10,Individual Angel focused on Real Estate Tech / Climate / Fintech. Stage: Pre-Seed to Seed. Check: $25K-$250K.,Apply: https://fifthwall.com,None,Not Contacted,,Medium,Medium
Justin Kan,,San Francisco,CA,US,Individual Angel,Pre-Seed to Seed,Consumer / Gaming / Legal Tech,https://linkedin.com/in/justinkan,,,Tier 2 - Super Angel,7/10,Individual Angel focused on Consumer / Gaming / Legal Tech. Stage: Pre-Seed to Seed. Check: $10K-$250K.,Research needed,None,Not Contacted,,Slow,Low-Medium
Sheel Mohnot,,San Francisco,CA,US,Individual Angel,Pre-Seed to Seed,Fintech / Payments / SaaS,https://linkedin.com/in/sheelmohnot,https://betterbeveryday.vc,betterbeveryday.vc,Tier 5 - Diversity Focus,8/10,Individual Angel focused on Fintech / Payments / SaaS. Stage: Pre-Seed to Seed. Check: $10K-$100K.,Apply: https://betterbeveryday.vc,None,Not Contacted,,Medium,Medium
Jake Chapman,,San Francisco,CA,US,Individual Angel,Pre-Seed to Seed,AI / Enterprise / SaaS,https://linkedin.com/in/jakechapman,,,Tier 2 - Super Angel,8/10,Individual Angel focused on AI / Enterprise / SaaS. Stage: Pre-Seed to Seed. Check: $10K-$250K.,Research needed,None,Not Contacted,,Slow,Low-Medium
Gigi Levy-Weiss,,Tel Aviv,,Israel,Individual Angel,Pre-Seed to Seed,Consumer / Gaming / Marketplace,https://linkedin.com/in/gigilevyweiss,https://nfx.com,nfx.com,Tier 2 - Super Angel,7/10,Individual Angel focused on Consumer / Gaming / Marketplace. Stage: Pre-Seed to Seed. Check: $25K-$500K.,Apply: https://nfx.com,None,Not Contacted,,Medium,Medium
Pete Flint,,San Francisco,CA,US,Individual Angel,Pre-Seed to Seed,Consumer / Marketplace / PropTech,https://linkedin.com/in/pflint,https://nfx.com,nfx.com,Tier 2 - Super Angel,7/10,Individual Angel focused on Consumer / Marketplace / PropTech. Stage: Pre-Seed to Seed. Check: $25K-$500K.,Apply: https://nfx.com,None,Not Contacted,,Medium,Medium
James Currier,,San Francisco,CA,US,Individual Angel,Pre-Seed to Seed,Marketplace / Network Effects / Consumer,https://linkedin.com/in/jamescurrier,https://nfx.com,nfx.com,Tier 2 - Super Angel,7/10,Individual Angel focused on Marketplace / Network Effects / Consumer. Stage: Pre-Seed to Seed. Check: $25K-$500K.,Apply: https://nfx.com,None,Not Contacted,,Medium,Medium
Marcos Galperin,,Buenos Aires,,LATAM,Individual Angel,Pre-Seed to Seed,E-commerce / Fintech / Marketplace,https://linkedin.com/in/marcosgalperin,,,Tier 5 - Diversity Focus,8/10,Individual Angel focused on E-commerce / Fintech / Marketplace. Stage: Pre-Seed to Seed. Check: $50K-$500K.,Research needed,None,Not Contacted,,Slow,Low-Medium
David Vélez,,São Paulo,,LATAM,Individual Angel,Pre-Seed to Seed,Fintech / Consumer / Latin America,https://linkedin.com/in/davidvelez,,,Tier 5 - Diversity Focus,8/10,Individual Angel focused on Fintech / Consumer / Latin America. Stage: Pre-Seed to Seed. Check: $50K-$500K.,Research needed,None,Not Contacted,,Slow,Low-Medium
Santiago Subotovsky,,San Francisco,CA,LATAM,Individual Angel,Pre-Seed to Seed,Fintech / SaaS / LATAM,https://linkedin.com/in/saborkin,https://emergence.com,emergence.com,Tier 5 - Diversity Focus,8/10,Individual Angel focused on Fintech / SaaS / LATAM. Stage: Pre-Seed to Seed. Check: $25K-$250K.,Apply: https://emergence.com,None,Not Contacted,,Medium,Medium
Yuri Milner,,Silicon Valley,,US,Individual Angel,Seed to Series A,Tech / Consumer / Deep Tech,https://linkedin.com/in/yurimilner,https://dst.global,dst.global,Tier 2 - Super Angel,7/10,Individual Angel focused on Tech / Consumer / Deep Tech. Stage: Seed to Series A. Check: $100K-$10M.,Research needed,None,Not Contacted,,Slow,Low-Medium
Masayoshi Son,,Tokyo,,US,Individual Angel,Series A+,Tech / AI / Telecom,,https://softbank.com,softbank.com,Tier 5 - Diversity Focus,8/10,Individual Angel focused on Tech / AI / Telecom. Stage: Series A+. Check: $1M+.,Research needed,None,Not Contacted,,Slow,Low-Medium
Li Ka-shing,,Hong Kong,,US,Individual Angel,Seed to Growth,Tech / Real Estate / Health,,https://horizonsventures.com,horizonsventures.com,Tier 5 - Diversity Focus,7/10,Individual Angel focused on Tech / Real Estate / Health. Stage: Seed to Growth. Check: $100K-$10M.,Research needed,None,Not Contacted,,Slow,Low-Medium
Golden Seeds,,New York,NY,US,Angel Group,Pre-Seed to Series A,Diverse / Women-led businesses,https://linkedin.com/company/golden-seeds,https://goldenseeds.com,goldenseeds.com,Tier 3 - Angel Group,7/10,Angel Group focused on Diverse / Women-led businesses. Stage: Pre-Seed to Series A. Check: $25K-$1M.,Apply: https://goldenseeds.com,None,Not Contacted,,Medium,Medium
Tech Coast Angels,,Southern California,CA,US,Angel Group,Pre-Seed to Series A,Tech / Biotech / Consumer,https://linkedin.com/company/tech-coast-angels,https://techcoastangels.com,techcoastangels.com,Tier 3 - Angel Group,7/10,Angel Group focused on Tech / Biotech / Consumer. Stage: Pre-Seed to Series A. Check: $50K-$500K.,Apply: https://techcoastangels.com,None,Not Contacted,,Medium,Medium
Keiretsu Forum,,Global,,US,Angel Group,Pre-Seed to Series A,Tech / Life Sciences / Real Estate,https://linkedin.com/company/keiretsu-forum,https://keiretsuforum.com,keiretsuforum.com,Tier 3 - Angel Group,7/10,Angel Group focused on Tech / Life Sciences / Real Estate. Stage: Pre-Seed to Series A. Check: $50K-$2M.,Apply: https://keiretsuforum.com,None,Not Contacted,,Medium,Medium
Band of Angels,,Silicon Valley,,US,Angel Group,Seed to Series A,Tech / Enterprise / Life Sciences,https://linkedin.com/company/band-of-angels,https://bandangels.com,bandangels.com,Tier 3 - Angel Group,8/10,Angel Group focused on Tech / Enterprise / Life Sciences. Stage: Seed to Series A. Check: $100K-$1M.,Apply: https://bandangels.com,None,Not Contacted,,Medium,Medium
New York Angels,,New York,NY,US,Angel Group,Pre-Seed to Series A,Tech / Consumer / Health,https://linkedin.com/company/new-york-angels,https://newyorkangels.com,newyorkangels.com,Tier 3 - Angel Group,7/10,Angel Group focused on Tech / Consumer / Health. Stage: Pre-Seed to Series A. Check: $50K-$1M.,Apply: https://newyorkangels.com,None,Not Contacted,,Medium,Medium
Hyde Park Angels,,Chicago,IL,US,Angel Group,Pre-Seed to Series A,Tech / Consumer / Enterprise,https://linkedin.com/company/hyde-park-angels,https://hydeparkangels.com,hydeparkangels.com,Tier 3 - Angel Group,8/10,Angel Group focused on Tech / Consumer / Enterprise. Stage: Pre-Seed to Series A. Check: $50K-$500K.,Apply: https://hydeparkangels.com,None,Not Contacted,,Medium,Medium
Central Texas Angel Network,,Austin,TX,US,Angel Group,Pre-Seed to Series A,Tech / Consumer / Health,https://linkedin.com/company/ctan,https://ctangels.com,ctangels.com,Tier 3 - Angel Group,7/10,Angel Group focused on Tech / Consumer / Health. Stage: Pre-Seed to Series A. Check: $50K-$500K.,Apply: https://ctangels.com,None,Not Contacted,,Medium,Medium
Pasadena Angels,,Pasadena,CA,US,Angel Group,Pre-Seed to Series A,Tech / Biotech / Consumer,https://linkedin.com/company/pasadena-angels,https://pasadenaangels.com,pasadenaangels.com,Tier 3 - Angel Group,7/10,Angel Group focused on Tech / Biotech / Consumer. Stage: Pre-Seed to Series A. Check: $25K-$250K.,Apply: https://pasadenaangels.com,None,Not Contacted,,Medium,Medium
Angel Capital Group,,US,,US,Angel Group,Pre-Seed to Series A,Tech / Life Sciences / Clean Energy,https://linkedin.com/company/angel-capital-group,https://angelcapitalgroup.com,angelcapitalgroup.com,Tier 3 - Angel Group,7/10,Angel Group focused on Tech / Life Sciences / Clean Energy. Stage: Pre-Seed to Series A. Check: $50K-$500K.,Apply: https://angelcapitalgroup.com,None,Not Contacted,,Medium,Medium
Investors' Circle,,US,,US,Angel Group,Pre-Seed to Series A,Impact / Climate / Social Enterprise,https://linkedin.com/company/investors-circle,https://investorscircle.org,investorscircle.org,Tier 3 - Angel Group,8/10,Angel Group focused on Impact / Climate / Social Enterprise. Stage: Pre-Seed to Series A. Check: $25K-$500K.,Apply: https://investorscircle.org,None,Not Contacted,,Medium,Medium
Sand Hill Angels,,Menlo Park,CA,US,Angel Group,Pre-Seed to Series A,Tech / Enterprise / Life Sciences,https://linkedin.com/company/sand-hill-angels,https://sandhillangels.com,sandhillangels.com,Tier 3 - Angel Group,8/10,Angel Group focused on Tech / Enterprise / Life Sciences. Stage: Pre-Seed to Series A. Check: $50K-$500K.,Apply: https://sandhillangels.com,None,Not Contacted,,Medium,Medium
Alliance of Angels,,Seattle,WA,US,Angel Group,Pre-Seed to Series A,Tech / Consumer / Enterprise,https://linkedin.com/company/alliance-of-angels,https://allianceofangels.com,allianceofangels.com,Tier 3 - Angel Group,8/10,Angel Group focused on Tech / Consumer / Enterprise. Stage: Pre-Seed to Series A. Check: $50K-$500K.,Apply: https://allianceofangels.com,None,Not Contacted,,Medium,Medium
Launchpad Venture Group,,Boston,MA,US,Angel Group,Pre-Seed to Series A,Tech / Life Sciences / Clean Tech,https://linkedin.com/company/launchpad-venture-group,https://launchpadventuregroup.com,launchpadventuregroup.com,Tier 3 - Angel Group,7/10,Angel Group focused on Tech / Life Sciences / Clean Tech. Stage: Pre-Seed to Series A. Check: $50K-$500K.,Apply: https://launchpadventuregroup.com,None,Not Contacted,,Medium,Medium
Robin Hood Ventures,,Philadelphia,PA,US,Angel Group,Pre-Seed to Series A,Tech / Healthcare / Consumer,https://linkedin.com/company/robin-hood-ventures,https://robinhoodventures.com,robinhoodventures.com,Tier 3 - Angel Group,7/10,Angel Group focused on Tech / Healthcare / Consumer. Stage: Pre-Seed to Series A. Check: $25K-$500K.,Apply: https://robinhoodventures.com,None,Not Contacted,,Medium,Medium
Houston Angel Network,,Houston,TX,US,Angel Group,Pre-Seed to Series A,Energy / Tech / Health,https://linkedin.com/company/houston-angel-network,https://houstonangelnetwork.org,houstonangelnetwork.org,Tier 3 - Angel Group,7/10,Angel Group focused on Energy / Tech / Health. Stage: Pre-Seed to Series A. Check: $25K-$500K.,Apply: https://houstonangelnetwork.org,None,Not Contacted,,Medium,Medium
Atlanta Technology Angels,,Atlanta,GA,US,Angel Group,Pre-Seed to Series A,Tech / Health / Fintech,https://linkedin.com/company/atlanta-technology-angels,https://angelatlanta.com,angelatlanta.com,Tier 3 - Angel Group,8/10,Angel Group focused on Tech / Health / Fintech. Stage: Pre-Seed to Series A. Check: $25K-$250K.,Apply: https://angelatlanta.com,None,Not Contacted,,Medium,Medium
North Coast Angel Fund,,Cleveland,OH,US,Angel Group,Pre-Seed to Series A,Tech / Consumer / Manufacturing,https://linkedin.com/company/north-coast-angel-fund,https://northcoastangelfund.com,northcoastangelfund.com,Tier 3 - Angel Group,7/10,Angel Group focused on Tech / Consumer / Manufacturing. Stage: Pre-Seed to Series A. Check: $25K-$250K.,Apply: https://northcoastangelfund.com,None,Not Contacted,,Medium,Medium
Maine Angels,,Maine,,US,Angel Group,Pre-Seed to Series A,Tech / Consumer / Maritime,https://linkedin.com/company/maine-angels,https://maineangels.org,maineangels.org,Tier 3 - Angel Group,7/10,Angel Group focused on Tech / Consumer / Maritime. Stage: Pre-Seed to Series A. Check: $25K-$250K.,Apply: https://maineangels.org,None,Not Contacted,,Medium,Medium
Desert Angels,,Tucson,AZ,US,Angel Group,Pre-Seed to Series A,Tech / Biotech / Clean Energy,https://linkedin.com/company/desert-angels,https://desertangels.org,desertangels.org,Tier 3 - Angel Group,7/10,Angel Group focused on Tech / Biotech / Clean Energy. Stage: Pre-Seed to Series A. Check: $25K-$250K.,Apply: https://desertangels.org,None,Not Contacted,,Medium,Medium
Sacramento Angels,,Sacramento,CA,US,Angel Group,Pre-Seed to Series A,Tech / AgTech / Consumer,https://linkedin.com/company/sacramento-angels,https://sacangels.com,sacangels.com,Tier 3 - Angel Group,7/10,Angel Group focused on Tech / AgTech / Consumer. Stage: Pre-Seed to Series A. Check: $25K-$250K.,Apply: https://sacangels.com,None,Not Contacted,,Medium,Medium
Blue Tree Allied Angels,,Pittsburgh,PA,US,Angel Group,Pre-Seed to Series A,Tech / Health / Life Sciences,https://linkedin.com/company/blue-tree-allied-angels,https://bluetreealliedangels.com,bluetreealliedangels.com,Tier 3 - Angel Group,7/10,Angel Group focused on Tech / Health / Life Sciences. Stage: Pre-Seed to Series A. Check: $25K-$250K.,Apply: https://bluetreealliedangels.com,None,Not Contacted,,Medium,Medium
Boise Angel Alliance,,Boise,ID,US,Angel Group,Pre-Seed to Series A,Tech / Consumer / AgTech,,https://boiseangels.com,boiseangels.com,Tier 3 - Angel Group,7/10,Angel Group focused on Tech / Consumer / AgTech. Stage: Pre-Seed to Series A. Check: $25K-$250K.,Apply: https://boiseangels.com,None,Not Contacted,,Medium,Medium
Ohio TechAngels,,Ohio,,US,Angel Group,Pre-Seed to Series A,Tech / Enterprise / Health,https://linkedin.com/company/ohio-tech-angels,https://ohiotechangels.com,ohiotechangels.com,Tier 3 - Angel Group,8/10,Angel Group focused on Tech / Enterprise / Health. Stage: Pre-Seed to Series A. Check: $25K-$250K.,Apply: https://ohiotechangels.com,None,Not Contacted,,Medium,Medium
Rockies Venture Club,,Denver,CO,US,Angel Group,Pre-Seed to Series A,Tech / Consumer / Clean Energy,https://linkedin.com/company/rockies-venture-club,https://rockiesventureclub.org,rockiesventureclub.org,Tier 3 - Angel Group,7/10,Angel Group focused on Tech / Consumer / Clean Energy. Stage: Pre-Seed to Series A. Check: $25K-$500K.,Apply: https://rockiesventureclub.org,None,Not Contacted,,Medium,Medium
Long Island Angel Network,,Long Island,NY,US,Angel Group,Pre-Seed to Series A,Tech / Health / Consumer,https://linkedin.com/company/long-island-angel-network,https://liangels.com,liangels.com,Tier 3 - Angel Group,7/10,Angel Group focused on Tech / Health / Consumer. Stage: Pre-Seed to Series A. Check: $25K-$250K.,Apply: https://liangels.com,None,Not Contacted,,Medium,Medium
Pipeline Angels,,New York,NY,US,Angel Group,Pre-Seed to Seed,Social Impact / Diverse Founders,https://linkedin.com/company/pipeline-angels,https://pipelineangels.com,pipelineangels.com,Tier 3 - Angel Group,7/10,Angel Group focused on Social Impact / Diverse Founders. Stage: Pre-Seed to Seed. Check: $5K-$100K.,Apply: https://pipelineangels.com,None,Not Contacted,,Medium,Medium
37 Angels,,New York,NY,US,Angel Group,Pre-Seed to Seed,Tech / Consumer / Health,https://linkedin.com/company/37-angels,https://37angels.com,37angels.com,Tier 3 - Angel Group,7/10,Angel Group focused on Tech / Consumer / Health. Stage: Pre-Seed to Seed. Check: $25K-$100K.,Apply: https://37angels.com,None,Not Contacted,,Medium,Medium
London Business Angels,,London,,UK,Angel Group,Pre-Seed to Series A,Tech / Fintech / Health,https://linkedin.com/company/london-business-angels,https://lbangels.co.uk,lbangels.co.uk,Tier 3 - Angel Group,8/10,Angel Group focused on Tech / Fintech / Health. Stage: Pre-Seed to Series A. Check: $25K-$500K.,Apply: https://lbangels.co.uk,None,Not Contacted,,Medium,Medium
Cambridge Angels,,Cambridge,,UK,Angel Group,Pre-Seed to Series A,Deep Tech / Enterprise / Life Sciences,https://linkedin.com/company/cambridge-angels,https://cambridgeangels.com,cambridgeangels.com,Tier 3 - Angel Group,8/10,Angel Group focused on Deep Tech / Enterprise / Life Sciences. Stage: Pre-Seed to Series A. Check: $25K-$500K.,Apply: https://cambridgeangels.com,None,Not Contacted,,Medium,Medium
Angel Academe,,London,,UK,Angel Group,Pre-Seed to Seed,Tech / Consumer / Social Impact,https://linkedin.com/company/angel-academe,https://angelacademe.com,angelacademe.com,Tier 3 - Angel Group,7/10,Angel Group focused on Tech / Consumer / Social Impact. Stage: Pre-Seed to Seed. Check: $10K-$250K.,Apply: https://angelacademe.com,None,Not Contacted,,Medium,Medium
Paris Business Angels,,Paris,,France,Angel Group,Pre-Seed to Series A,Tech / Consumer / Deep Tech,https://linkedin.com/company/paris-business-angels,https://parisbusinessangels.com,parisbusinessangels.com,Tier 3 - Angel Group,7/10,Angel Group focused on Tech / Consumer / Deep Tech. Stage: Pre-Seed to Series A. Check: €25K-€500K.,Apply: https://parisbusinessangels.com,None,Not Contacted,,Medium,Medium
Business Angels Netzwerk Deutschland (BAND),,Germany,,US,Angel Group,Pre-Seed to Series A,Tech / Industrial / Health,https://linkedin.com/company/business-angels-netzwerk-deutschland,https://business-angels.de,business-angels.de,Tier 3 - Angel Group,7/10,Angel Group focused on Tech / Industrial / Health. Stage: Pre-Seed to Series A. Check: €25K-€500K.,Apply: https://business-angels.de,None,Not Contacted,,Medium,Medium
Munich Network,,Munich,,Germany,Angel Group,Pre-Seed to Series A,Tech / Biotech / Deep Tech,https://linkedin.com/company/munich-network,https://munichnetwork.com,munichnetwork.com,Tier 3 - Angel Group,7/10,Angel Group focused on Tech / Biotech / Deep Tech. Stage: Pre-Seed to Series A. Check: €25K-€500K.,Apply: https://munichnetwork.com,None,Not Contacted,,Medium,Medium
Business Angels Europe (BAE),,Europe-wide,,US,Angel Group,Pre-Seed to Series A,Tech / Consumer / Enterprise,https://linkedin.com/company/business-angels-europe,https://businessangelseurope.com,businessangelseurope.com,Tier 3 - Angel Group,8/10,Angel Group focused on Tech / Consumer / Enterprise. Stage: Pre-Seed to Series A. Check: €25K-€1M.,Apply: https://businessangelseurope.com,None,Not Contacted,,Medium,Medium
Spain Business Angels Network (ESBAN),,Spain,,US,Angel Group,Pre-Seed to Series A,Tech / Consumer / Tourism,https://linkedin.com/company/esban,https://esban.com,esban.com,Tier 3 - Angel Group,7/10,Angel Group focused on Tech / Consumer / Tourism. Stage: Pre-Seed to Series A. Check: €10K-€250K.,Apply: https://esban.com,None,Not Contacted,,Medium,Medium
Italian Angels for Growth (IAG),,Milan,,Italy,Angel Group,Pre-Seed to Series A,Tech / Fashion / Food,https://linkedin.com/company/italian-angels-for-growth,https://italianangels.net,italianangels.net,Tier 3 - Angel Group,7/10,Angel Group focused on Tech / Fashion / Food. Stage: Pre-Seed to Series A. Check: €25K-€500K.,Apply: https://italianangels.net,None,Not Contacted,,Medium,Medium
Swiss Startup Invest,,Zurich,,Switzerland,Angel Group,Pre-Seed to Series A,Tech / Biotech / Fintech,https://linkedin.com/company/swiss-startup-invest,https://startupinvest.ch,startupinvest.ch,Tier 3 - Angel Group,8/10,Angel Group focused on Tech / Biotech / Fintech. Stage: Pre-Seed to Series A. Check: CHF 25K-500K.,Apply: https://startupinvest.ch,None,Not Contacted,,Medium,Medium
Nordic Business Angel Network,,Nordics,,Europe,Angel Group,Pre-Seed to Series A,Tech / Clean Tech / Health,https://linkedin.com/company/nordicban,https://nordicban.org,nordicban.org,Tier 3 - Angel Group,7/10,Angel Group focused on Tech / Clean Tech / Health. Stage: Pre-Seed to Series A. Check: €25K-€500K.,Apply: https://nordicban.org,None,Not Contacted,,Medium,Medium
Stockholm Business Angels,,Stockholm,,Sweden,Angel Group,Pre-Seed to Series A,Tech / Fintech / Gaming,https://linkedin.com/company/stockholm-business-angels,https://stockholmbusinessangels.se,stockholmbusinessangels.se,Tier 3 - Angel Group,8/10,Angel Group focused on Tech / Fintech / Gaming. Stage: Pre-Seed to Series A. Check: SEK 250K-5M.,Apply: https://stockholmbusinessangels.se,None,Not Contacted,,Medium,Medium
HBAN (Halo Business Angel Network),,Ireland,,US,Angel Group,Pre-Seed to Series A,Tech / AgTech / Health,https://linkedin.com/company/hban,https://hban.org,hban.org,Tier 3 - Angel Group,7/10,Angel Group focused on Tech / AgTech / Health. Stage: Pre-Seed to Series A. Check: €25K-€250K.,Apply: https://hban.org,None,Not Contacted,,Medium,Medium
Indian Angel Network,,Delhi,,India,Angel Group,Pre-Seed to Series A,Tech / Consumer / Health,https://linkedin.com/company/indian-angel-network,https://indianangelnetwork.com,indianangelnetwork.com,Tier 3 - Angel Group,7/10,Angel Group focused on Tech / Consumer / Health. Stage: Pre-Seed to Series A. Check: $25K-$500K.,Apply: https://indianangelnetwork.com,None,Not Contacted,,Medium,Medium
Mumbai Angels,,Mumbai,,India,Angel Group,Pre-Seed to Series A,Tech / Fintech / Health,https://linkedin.com/company/mumbai-angels,https://mumbaiangels.com,mumbaiangels.com,Tier 3 - Angel Group,8/10,Angel Group focused on Tech / Fintech / Health. Stage: Pre-Seed to Series A. Check: $25K-$250K.,Apply: https://mumbaiangels.com,None,Not Contacted,,Medium,Medium
Calcutta Angels,,Kolkata,,India,Angel Group,Pre-Seed to Series A,Tech / Consumer / E-commerce,https://linkedin.com/company/calcutta-angels,https://calcuttaangels.com,calcuttaangels.com,Tier 3 - Angel Group,7/10,Angel Group focused on Tech / Consumer / E-commerce. Stage: Pre-Seed to Series A. Check: $10K-$250K.,Apply: https://calcuttaangels.com,None,Not Contacted,,Medium,Medium
AngelCentral,,Singapore,,SEA,Angel Group,Pre-Seed to Series A,Tech / Consumer / Fintech,https://linkedin.com/company/angelcentral,https://angelcentral.co,angelcentral.co,Tier 3 - Angel Group,8/10,Angel Group focused on Tech / Consumer / Fintech. Stage: Pre-Seed to Series A. Check: $25K-$500K.,Apply: https://angelcentral.co,None,Not Contacted,,Medium,Medium
Angel Investment Network (AIN),,Global,,US,Angel Group,Pre-Seed to Series A,General / Tech / Consumer,https://linkedin.com/company/angel-investment-network,https://angelinvestmentnetwork.co.uk,angelinvestmentnetwork.co.uk,Tier 3 - Angel Group,7/10,Angel Group focused on General / Tech / Consumer. Stage: Pre-Seed to Series A. Check: $10K-$500K.,Apply: https://angelinvestmentnetwork.co.uk,None,Not Contacted,,Medium,Medium
Korean Venture Capital Association Angels,,Seoul,,South Korea,Angel Group,Pre-Seed to Series A,Tech / Consumer / K-Content,,https://kvca.or.kr,kvca.or.kr,Tier 3 - Angel Group,7/10,Angel Group focused on Tech / Consumer / K-Content. Stage: Pre-Seed to Series A. Check: $25K-$500K.,Apply: https://kvca.or.kr,None,Not Contacted,,Medium,Medium
Japan Angel Network,,Tokyo,,Japan,Angel Group,Pre-Seed to Series A,Tech / Deep Tech / Robotics,,https://janbo.gr.jp,janbo.gr.jp,Tier 3 - Angel Group,7/10,Angel Group focused on Tech / Deep Tech / Robotics. Stage: Pre-Seed to Series A. Check: ¥5M-¥50M.,Apply: https://janbo.gr.jp,None,Not Contacted,,Medium,Medium
Beijing Angels,,Beijing,,China,Angel Group,Pre-Seed to Series A,Tech / AI / Consumer,,,,Tier 3 - Angel Group,8/10,Angel Group focused on Tech / AI / Consumer. Stage: Pre-Seed to Series A. Check: $50K-$1M.,Research needed,None,Not Contacted,,Slow,Low-Medium
ABAN (African Business Angel Network),,Pan-Africa,,US,Angel Group,Pre-Seed to Series A,Tech / AgTech / Fintech,https://linkedin.com/company/african-business-angel-network,https://abanangels.org,abanangels.org,Tier 3 - Angel Group,8/10,Angel Group focused on Tech / AgTech / Fintech. Stage: Pre-Seed to Series A. Check: $10K-$250K.,Apply: https://abanangels.org,None,Not Contacted,,Medium,Medium
Cairo Angels,,Cairo,,Egypt,Angel Group,Pre-Seed to Series A,Tech / Consumer / Fintech,https://linkedin.com/company/cairo-angels,https://cairoangels.com,cairoangels.com,Tier 3 - Angel Group,8/10,Angel Group focused on Tech / Consumer / Fintech. Stage: Pre-Seed to Series A. Check: $10K-$250K.,Apply: https://cairoangels.com,None,Not Contacted,,Medium,Medium
Lagos Angel Network,,Lagos,,Nigeria,Angel Group,Pre-Seed to Series A,Tech / Fintech / Consumer,https://linkedin.com/company/lagos-angel-network,https://lagosangelnetwork.com,lagosangelnetwork.com,Tier 3 - Angel Group,8/10,Angel Group focused on Tech / Fintech / Consumer. Stage: Pre-Seed to Series A. Check: $10K-$250K.,Apply: https://lagosangelnetwork.com,None,Not Contacted,,Medium,Medium
ViKtoria Ventures,,East Africa,,US,Angel Group,Pre-Seed to Series A,Tech / Consumer / Health,https://linkedin.com/company/viktoria-ventures,https://viktoriaventures.com,viktoriaventures.com,Tier 3 - Angel Group,7/10,Angel Group focused on Tech / Consumer / Health. Stage: Pre-Seed to Series A. Check: $10K-$250K.,Apply: https://viktoriaventures.com,None,Not Contacted,,Medium,Medium
Johannesburg Angel Network,,Johannesburg,,South Africa,Angel Group,Pre-Seed to Series A,Tech / Fintech / Mining Tech,,,,Tier 3 - Angel Group,8/10,Angel Group focused on Tech / Fintech / Mining Tech. Stage: Pre-Seed to Series A. Check: $10K-$250K.,Research needed,None,Not Contacted,,Slow,Low-Medium
Nairobi Business Angels,,Nairobi,,Kenya,Angel Group,Pre-Seed to Series A,Tech / AgTech / Health,,,,Tier 3 - Angel Group,7/10,Angel Group focused on Tech / AgTech / Health. Stage: Pre-Seed to Series A. Check: $10K-$100K.,Research needed,None,Not Contacted,,Slow,Low-Medium
BECO Capital Angels,,Dubai,,UAE,Angel Group,Pre-Seed to Series A,Tech / Consumer / Fintech,https://linkedin.com/company/beco-capital,https://becocapital.com,becocapital.com,Tier 3 - Angel Group,8/10,Angel Group focused on Tech / Consumer / Fintech. Stage: Pre-Seed to Series A. Check: $25K-$500K.,Apply: https://becocapital.com,None,Not Contacted,,Medium,Medium
MEVP (Middle East Venture Partners),,Beirut,,MENA,Angel Group,Pre-Seed to Series A,Tech / Fintech / Consumer,https://linkedin.com/company/mevp,https://mevp.com,mevp.com,Tier 3 - Angel Group,8/10,Angel Group focused on Tech / Fintech / Consumer. Stage: Pre-Seed to Series A. Check: $25K-$500K.,Apply: https://mevp.com,None,Not Contacted,,Medium,Medium
Wamda Capital Angels,,Dubai,,MENA,Angel Group,Pre-Seed to Series A,Tech / Consumer / E-commerce,https://linkedin.com/company/wamda,https://wamda.com,wamda.com,Tier 3 - Angel Group,7/10,Angel Group focused on Tech / Consumer / E-commerce. Stage: Pre-Seed to Series A. Check: $25K-$500K.,Apply: https://wamda.com,None,Not Contacted,,Medium,Medium
Oasis500,,Amman,,Jordan,Angel Group,Pre-Seed to Seed,Tech / Consumer / Media,https://linkedin.com/company/oasis500,https://oasis500.com,oasis500.com,Tier 3 - Angel Group,7/10,Angel Group focused on Tech / Consumer / Media. Stage: Pre-Seed to Seed. Check: $10K-$100K.,Apply: https://oasis500.com,None,Not Contacted,,Medium,Medium
Sydney Angels,,Sydney,,Australia,Angel Group,Pre-Seed to Series A,Tech / Consumer / Health,https://linkedin.com/company/sydney-angels,https://sydneyangels.net.au,sydneyangels.net.au,Tier 3 - Angel Group,7/10,Angel Group focused on Tech / Consumer / Health. Stage: Pre-Seed to Series A. Check: AUD 25K-500K.,Apply: https://sydneyangels.net.au,None,Not Contacted,,Medium,Medium
Melbourne Angels,,Melbourne,,Australia,Angel Group,Pre-Seed to Series A,Tech / Consumer / AgTech,https://linkedin.com/company/melbourne-angels,https://melbourneangels.net,melbourneangels.net,Tier 3 - Angel Group,7/10,Angel Group focused on Tech / Consumer / AgTech. Stage: Pre-Seed to Series A. Check: AUD 25K-500K.,Apply: https://melbourneangels.net,None,Not Contacted,,Medium,Medium
Ice Angels,,Auckland,,New Zealand,Angel Group,Pre-Seed to Series A,Tech / Consumer / AgTech,https://linkedin.com/company/ice-angels,https://iceangels.co.nz,iceangels.co.nz,Tier 3 - Angel Group,7/10,Angel Group focused on Tech / Consumer / AgTech. Stage: Pre-Seed to Series A. Check: NZD 25K-500K.,Apply: https://iceangels.co.nz,None,Not Contacted,,Medium,Medium
Anjos do Brasil,,São Paulo,,Brazil,Angel Group,Pre-Seed to Series A,Tech / Consumer / Fintech,https://linkedin.com/company/anjos-do-brasil,https://anjosdobrasil.net,anjosdobrasil.net,Tier 3 - Angel Group,8/10,Angel Group focused on Tech / Consumer / Fintech. Stage: Pre-Seed to Series A. Check: BRL 50K-500K.,Apply: https://anjosdobrasil.net,None,Not Contacted,,Medium,Medium
ARCAP (Asociación Argentina de Capital Privado),,Buenos Aires,,Argentina,Angel Group,Pre-Seed to Series A,Tech / AgTech / Fintech,https://linkedin.com/company/arcap,https://arcap.org,arcap.org,Tier 3 - Angel Group,8/10,Angel Group focused on Tech / AgTech / Fintech. Stage: Pre-Seed to Series A. Check: $10K-$250K.,Apply: https://arcap.org,None,Not Contacted,,Medium,Medium
Mexico Angels / Angel Ventures Mexico,,Mexico City,,Mexico,Angel Group,Pre-Seed to Series A,Tech / Consumer / Fintech,https://linkedin.com/company/angel-ventures-mexico,https://angelventures.vc,angelventures.vc,Tier 3 - Angel Group,8/10,Angel Group focused on Tech / Consumer / Fintech. Stage: Pre-Seed to Series A. Check: $10K-$250K.,Apply: https://angelventures.vc,None,Not Contacted,,Medium,Medium
Chile Global Angels,,Santiago,,Chile,Angel Group,Pre-Seed to Series A,Tech / Mining / AgTech,,,,Tier 3 - Angel Group,7/10,Angel Group focused on Tech / Mining / AgTech. Stage: Pre-Seed to Series A. Check: $10K-$250K.,Research needed,None,Not Contacted,,Medium,Medium
Colombia Angels,,Bogotá,,Colombia,Angel Group,Pre-Seed to Series A,Tech / Consumer / AgTech,,,,Tier 3 - Angel Group,7/10,Angel Group focused on Tech / Consumer / AgTech. Stage: Pre-Seed to Series A. Check: $10K-$250K.,Research needed,None,Not Contacted,,Medium,Medium
Jason Calacanis Syndicate (LAUNCH),,US,,US,Syndicate,Pre-Seed to Seed,Tech / SaaS / AI,https://linkedin.com/in/jasoncalacanis,https://launch.co,launch.co,Tier 4 - Syndicate,8/10,Syndicate focused on Tech / SaaS / AI. Stage: Pre-Seed to Seed. Check: $1K-$25K (per LP).,Apply: https://launch.co,None,Not Contacted,,Medium,Medium
Spearhead Capital,,US,,US,Syndicate,Pre-Seed to Seed,Tech / Diverse Sectors,https://linkedin.com/company/spearhead,https://spearhead.co,spearhead.co,Tier 4 - Syndicate,7/10,Syndicate focused on Tech / Diverse Sectors. Stage: Pre-Seed to Seed. Check: $25K-$100K per deal.,Apply: https://spearhead.co,None,Not Contacted,,Medium,Medium
Hustle Fund Angel Squad,,US,,US,Syndicate,Pre-Seed to Seed,Consumer / SaaS / Diverse Founders,https://linkedin.com/company/hustle-fund,https://hustlefund.vc/angel-squad/,hustlefund.vc,Tier 4 - Syndicate,8/10,Syndicate focused on Consumer / SaaS / Diverse Founders. Stage: Pre-Seed to Seed. Check: $1K-$10K (per LP).,Apply: https://hustlefund.vc/angel-squad/,None,Not Contacted,,Medium,Medium
On Deck Angels,,US,,US,Syndicate,Pre-Seed to Seed,Tech / Consumer / Diverse,https://linkedin.com/company/on-deck,https://beondeck.com,beondeck.com,Tier 4 - Syndicate,7/10,Syndicate focused on Tech / Consumer / Diverse. Stage: Pre-Seed to Seed. Check: $1K-$10K (per LP).,Apply: https://beondeck.com,None,Not Contacted,,Medium,Medium
AngelList Access Fund,,US,,US,Syndicate,Pre-Seed to Seed,Tech / Diverse Sectors,https://linkedin.com/company/angellist,https://angellist.com,angellist.com,Tier 4 - Syndicate,7/10,Syndicate focused on Tech / Diverse Sectors. Stage: Pre-Seed to Seed. Check: $1K+ (per LP).,Apply: https://angellist.com,None,Not Contacted,,Slow,Low-Medium
Republic,,US,,US,Syndicate,Pre-Seed to Seed,Consumer / Tech / Real Estate / Crypto,https://linkedin.com/company/republic,https://republic.co,republic.co,Tier 4 - Syndicate,7/10,Syndicate focused on Consumer / Tech / Real Estate / Crypto. Stage: Pre-Seed to Seed. Check: $50+ (per investor).,Apply: https://republic.co,None,Not Contacted,,Slow,Low-Medium
Wefunder,,US,,US,Syndicate,Pre-Seed to Seed,Consumer / Tech / Community,https://linkedin.com/company/wefunder,https://wefunder.com,wefunder.com,Tier 4 - Syndicate,7/10,Syndicate focused on Consumer / Tech / Community. Stage: Pre-Seed to Seed. Check: $100+ (per investor).,Apply: https://wefunder.com,None,Not Contacted,,Slow,Low-Medium
Gil Penchina Syndicate,,US,,US,Syndicate,Pre-Seed to Seed,Tech / Consumer / Enterprise,https://linkedin.com/in/gilpenchina,https://angellist.com/gilpenchina,angellist.com,Tier 4 - Syndicate,8/10,Syndicate focused on Tech / Consumer / Enterprise. Stage: Pre-Seed to Seed. Check: $1K-$25K (per LP).,Apply: https://angellist.com/gilpenchina,None,Not Contacted,,Slow,Low-Medium
Cindy Bi Syndicate,,US,,US,Syndicate,Pre-Seed to Seed,AI / Health / Enterprise,https://linkedin.com/in/cindybi,https://angellist.com,angellist.com,Tier 4 - Syndicate,8/10,Syndicate focused on AI / Health / Enterprise. Stage: Pre-Seed to Seed. Check: $1K-$25K (per LP).,Apply: https://angellist.com,None,Not Contacted,,Slow,Low-Medium
Climate Capital Syndicate,,US,,US,Syndicate,Pre-Seed to Seed,Climate / Clean Energy / Sustainability,https://linkedin.com/company/climatecap,https://climatecapital.co,climatecapital.co,Tier 4 - Syndicate,7/10,Syndicate focused on Climate / Clean Energy / Sustainability. Stage: Pre-Seed to Seed. Check: $1K-$25K (per LP).,Apply: https://climatecapital.co,None,Not Contacted,,Medium,Medium
Health Tech Syndicate (AngelList),,US,,US,Syndicate,Pre-Seed to Seed,Health Tech / Digital Health / Biotech,,https://angellist.com,angellist.com,Tier 4 - Syndicate,7/10,Syndicate focused on Health Tech / Digital Health / Biotech. Stage: Pre-Seed to Seed. Check: $1K-$25K (per LP).,Apply: https://angellist.com,None,Not Contacted,,Slow,Low-Medium
Gaingels,,New York,NY,US,Syndicate,Pre-Seed to Series A,Tech / Consumer / Enterprise,https://linkedin.com/company/gaingels,https://gaingels.com,gaingels.com,Tier 4 - Syndicate,8/10,Syndicate focused on Tech / Consumer / Enterprise. Stage: Pre-Seed to Series A. Check: $25K-$250K (per deal).,Apply: https://gaingels.com,None,Not Contacted,,Medium,Medium
Operators Fund (AngelList),,US,,US,Syndicate,Pre-Seed to Seed,Enterprise / SaaS / Consumer,,https://angellist.com,angellist.com,Tier 4 - Syndicate,8/10,Syndicate focused on Enterprise / SaaS / Consumer. Stage: Pre-Seed to Seed. Check: $1K-$25K (per LP).,Apply: https://angellist.com,None,Not Contacted,,Slow,Low-Medium
Novo Holdings Angel Investments,,Copenhagen,,Europe,Syndicate,Pre-Seed to Series A,Biotech / Life Sciences / Health,https://linkedin.com/company/novo-holdings,https://novoholdings.dk,novoholdings.dk,Tier 4 - Syndicate,7/10,Syndicate focused on Biotech / Life Sciences / Health. Stage: Pre-Seed to Series A. Check: $50K-$500K.,Research needed,None,Not Contacted,,Slow,Low-Medium
Wischoff Ventures Syndicate,,US,,US,Syndicate,Pre-Seed to Seed,SaaS / Consumer / Enterprise,https://linkedin.com/in/adamwischoff,https://angellist.com,angellist.com,Tier 4 - Syndicate,8/10,Syndicate focused on SaaS / Consumer / Enterprise. Stage: Pre-Seed to Seed. Check: $1K-$25K (per LP).,Apply: https://angellist.com,None,Not Contacted,,Slow,Low-Medium
Calm Company Fund,,US,,US,Syndicate,Pre-Seed to Seed,Bootstrapped / Calm Companies / SaaS,https://linkedin.com/company/calm-fund,https://calmfund.com,calmfund.com,Tier 4 - Syndicate,8/10,Syndicate focused on Bootstrapped / Calm Companies / SaaS. Stage: Pre-Seed to Seed. Check: $50K-$250K.,Apply: https://calmfund.com,None,Not Contacted,,Medium,Medium
Unpopular Ventures,,US,,US,Syndicate,Pre-Seed to Seed,Contrarian / Tech / Consumer,https://linkedin.com/in/peterborkin,https://unpopular.vc,unpopular.vc,Tier 4 - Syndicate,7/10,Syndicate focused on Contrarian / Tech / Consumer. Stage: Pre-Seed to Seed. Check: $1K-$25K (per LP).,Apply: https://unpopular.vc,None,Not Contacted,,Medium,Medium
Precursor Ventures Scout Program,,San Francisco,CA,US,Syndicate,Pre-Seed,Consumer / Mobile / Enterprise,https://linkedin.com/company/precursor-ventures,https://precursorvc.com,precursorvc.com,Tier 4 - Syndicate,8/10,Syndicate focused on Consumer / Mobile / Enterprise. Stage: Pre-Seed. Check: $10K-$50K.,Apply: https://precursorvc.com,None,Not Contacted,,Medium,Medium
XFactor Ventures,,US,,US,Syndicate,Pre-Seed to Seed,Female Founders / Consumer / Enterprise,https://linkedin.com/company/xfactor-ventures,https://xfactor.ventures,xfactor.ventures,Tier 4 - Syndicate,8/10,Syndicate focused on Female Founders / Consumer / Enterprise. Stage: Pre-Seed to Seed. Check: $25K-$250K.,Apply: https://xfactor.ventures,None,Not Contacted,,Medium,Medium
Sequoia Scout Program,,US,,US,Syndicate,Pre-Seed to Seed,Tech / Enterprise / Consumer,https://linkedin.com/company/sequoia-capital,https://sequoiacap.com,sequoiacap.com,Tier 4 - Syndicate,8/10,Syndicate focused on Tech / Enterprise / Consumer. Stage: Pre-Seed to Seed. Check: $25K-$100K.,Apply: https://sequoiacap.com,None,Not Contacted,,Slow,Low-Medium
Notation Capital Scout Program,,New York,NY,US,Syndicate,Pre-Seed,Tech / Enterprise / Consumer,https://linkedin.com/company/notation-capital,https://notation.vc,notation.vc,Tier 4 - Syndicate,8/10,Syndicate focused on Tech / Enterprise / Consumer. Stage: Pre-Seed. Check: $10K-$50K.,Apply: https://notation.vc,None,Not Contacted,,Medium,Medium
South Park Commons,,San Francisco,CA,US,Syndicate,Pre-Seed to Seed,Deep Tech / AI / Research,https://linkedin.com/company/south-park-commons,https://southparkcommons.com,southparkcommons.com,Tier 4 - Syndicate,8/10,Syndicate focused on Deep Tech / AI / Research. Stage: Pre-Seed to Seed. Check: $10K-$100K.,Apply: https://southparkcommons.com,None,Not Contacted,,Medium,Medium
Backbone Angels,,US,,US,Syndicate,Pre-Seed to Seed,Diverse Founders / Tech / Consumer,https://linkedin.com/company/backbone-angels,https://backboneangels.com,backboneangels.com,Tier 4 - Syndicate,7/10,Syndicate focused on Diverse Founders / Tech / Consumer. Stage: Pre-Seed to Seed. Check: $1K-$25K (per LP).,Apply: https://backboneangels.com,None,Not Contacted,,Medium,Medium
Techstars Syndicate,,US,,US,Syndicate,Pre-Seed to Seed,Tech / Diverse Sectors,https://linkedin.com/company/techstars,https://angellist.com,angellist.com,Tier 4 - Syndicate,7/10,Syndicate focused on Tech / Diverse Sectors. Stage: Pre-Seed to Seed. Check: $1K-$25K (per LP).,Apply: https://angellist.com,None,Not Contacted,,Slow,Low-Medium
500 Global Syndicate,,Global,,US,Syndicate,Pre-Seed to Seed,Tech / Consumer / Fintech,https://linkedin.com/company/500-global,https://500.co,500.co,Tier 4 - Syndicate,8/10,Syndicate focused on Tech / Consumer / Fintech. Stage: Pre-Seed to Seed. Check: $1K-$25K (per LP).,Apply: https://500.co,None,Not Contacted,,Slow,Low-Medium
Everywhere Ventures (formerly Community Fund),,US,,US,Syndicate,Pre-Seed to Seed,Consumer / Community / Creator,https://linkedin.com/company/everywhere-vc,https://everywhere.vc,everywhere.vc,Tier 4 - Syndicate,7/10,Syndicate focused on Consumer / Community / Creator. Stage: Pre-Seed to Seed. Check: $25K-$250K.,Apply: https://everywhere.vc,None,Not Contacted,,Medium,Medium
Scout Fund (First Round Capital),,US,,US,Syndicate,Pre-Seed to Seed,Tech / Consumer / Enterprise,https://linkedin.com/company/first-round-capital,https://firstround.com,firstround.com,Tier 4 - Syndicate,8/10,Syndicate focused on Tech / Consumer / Enterprise. Stage: Pre-Seed to Seed. Check: $25K-$100K.,Apply: https://firstround.com,None,Not Contacted,,Slow,Low-Medium
Maple VC (Canadian Angels),,Canada,,US,Syndicate,Pre-Seed to Seed,Tech / Consumer / SaaS,https://linkedin.com/company/maple-vc,https://maple.vc,maple.vc,Tier 4 - Syndicate,8/10,Syndicate focused on Tech / Consumer / SaaS. Stage: Pre-Seed to Seed. Check: $25K-$250K.,Apply: https://maple.vc,None,Not Contacted,,Medium,Medium
Mandela Schumacher-Hodge Dixon,,Oakland,CA,US,Individual Angel,Pre-Seed to Seed,Impact / Diverse Founders / Consumer,https://linkedin.com/in/mandelashd,https://allraise.org,allraise.org,Tier 5 - Diversity Focus,7/10,Individual Angel focused on Impact / Diverse Founders / Consumer. Stage: Pre-Seed to Seed. Check: $10K-$100K.,Research needed,None,Not Contacted,,Slow,Low-Medium
Marlon Nichols,,Los Angeles,CA,US,Individual Angel,Pre-Seed to Seed,Consumer / Enterprise / Deep Tech,https://linkedin.com/in/marlonnichols,https://macventurecapital.com,macventurecapital.com,Tier 5 - Diversity Focus,8/10,Individual Angel focused on Consumer / Enterprise / Deep Tech. Stage: Pre-Seed to Seed. Check: $25K-$500K.,Apply: https://macventurecapital.com,None,Not Contacted,,Medium,Medium
Adrian Fenty,,Washington DC,DC,US,Individual Angel,Pre-Seed to Seed,Consumer / GovTech / Urban Tech,https://linkedin.com/in/adrianfenty,https://macventurecapital.com,macventurecapital.com,Tier 5 - Diversity Focus,7/10,Individual Angel focused on Consumer / GovTech / Urban Tech. Stage: Pre-Seed to Seed. Check: $25K-$250K.,Research needed,None,Not Contacted,,Slow,Low-Medium
Freada Kapor Klein,,Oakland,CA,US,Individual Angel,Pre-Seed to Seed,Impact / Diverse Founders / EdTech,https://linkedin.com/in/fkaborkin,https://kaporcapital.com,kaporcapital.com,Tier 5 - Diversity Focus,7/10,Individual Angel focused on Impact / Diverse Founders / EdTech. Stage: Pre-Seed to Seed. Check: $25K-$250K.,Apply: https://kaporcapital.com,None,Not Contacted,,Medium,Medium
Mitch Kapor,,Oakland,CA,US,Individual Angel,Pre-Seed to Seed,Impact / Enterprise / EdTech,https://linkedin.com/in/mitchkapor,https://kaporcapital.com,kaporcapital.com,Tier 2 - Super Angel,8/10,Individual Angel focused on Impact / Enterprise / EdTech. Stage: Pre-Seed to Seed. Check: $25K-$500K.,Apply: https://kaporcapital.com,None,Not Contacted,,Medium,Medium
Tristan Walker,,Atlanta,GA,US,Individual Angel,Pre-Seed to Seed,Consumer / DTC / Health & Beauty,https://linkedin.com/in/tristanwalker,,,Tier 5 - Diversity Focus,7/10,Individual Angel focused on Consumer / DTC / Health & Beauty. Stage: Pre-Seed to Seed. Check: $10K-$100K.,Research needed,None,Not Contacted,,Slow,Low-Medium
Lisa Lambert,,San Jose,CA,US,Individual Angel,Pre-Seed to Seed,Enterprise / AI / Infrastructure,https://linkedin.com/in/lisalambert,https://nvidiaventures.com,nvidiaventures.com,Tier 5 - Diversity Focus,8/10,Individual Angel focused on Enterprise / AI / Infrastructure. Stage: Pre-Seed to Seed. Check: $25K-$250K.,Research needed,None,Not Contacted,,Slow,Low-Medium
Kesha Cash,,Oakland,CA,US,Individual Angel,Pre-Seed to Seed,Impact / Consumer / Diverse Founders,https://linkedin.com/in/keshacash,https://impact-america.com,impact-america.com,Tier 5 - Diversity Focus,7/10,Individual Angel focused on Impact / Consumer / Diverse Founders. Stage: Pre-Seed to Seed. Check: $10K-$100K.,Apply: https://impact-america.com,None,Not Contacted,,Medium,Medium
Angela Lee,,New York,NY,US,Individual Angel,Pre-Seed to Seed,Consumer / EdTech / Social Impact,https://linkedin.com/in/angelalee,https://37angels.com,37angels.com,Tier 5 - Diversity Focus,7/10,Individual Angel focused on Consumer / EdTech / Social Impact. Stage: Pre-Seed to Seed. Check: $10K-$100K.,Apply: https://37angels.com,None,Not Contacted,,Medium,Medium
Loretta McCarthy,,New York,NY,US,Individual Angel,Pre-Seed to Seed,Consumer / Health / Retail,https://linkedin.com/in/lorettamccarthy,https://goldenseeds.com,goldenseeds.com,Tier 5 - Diversity Focus,7/10,Individual Angel focused on Consumer / Health / Retail. Stage: Pre-Seed to Seed. Check: $10K-$100K.,Apply: https://goldenseeds.com,None,Not Contacted,,Medium,Medium
Leslie Feinzaig,,Seattle,WA,US,Individual Angel,Pre-Seed to Seed,Consumer / Enterprise / Female Founders,https://linkedin.com/in/lesliefeinzaig,https://femalefoundersalliance.org,femalefoundersalliance.org,Tier 5 - Diversity Focus,8/10,Individual Angel focused on Consumer / Enterprise / Female Founders. Stage: Pre-Seed to Seed. Check: $10K-$100K.,Apply: https://femalefoundersalliance.org,None,Not Contacted,,Medium,Medium
Laura Huang,,Boston,MA,US,Individual Angel,Pre-Seed to Seed,Consumer / Enterprise / AI,https://linkedin.com/in/laurahuang,,,Tier 5 - Diversity Focus,8/10,Individual Angel focused on Consumer / Enterprise / AI. Stage: Pre-Seed to Seed. Check: $10K-$50K.,Research needed,None,Not Contacted,,Slow,Low-Medium
Nathalie Molina Niño,,New York,NY,US,Individual Angel,Pre-Seed to Seed,Impact / Consumer / LatAm,https://linkedin.com/in/nathaliemolinanino,https://buentipa.com,buentipa.com,Tier 5 - Diversity Focus,7/10,Individual Angel focused on Impact / Consumer / LatAm. Stage: Pre-Seed to Seed. Check: $10K-$100K.,Research needed,None,Not Contacted,,Slow,Low-Medium
Samara Mejia Hernandez,,Chicago,IL,US,Individual Angel,Pre-Seed to Seed,Consumer / Fintech / LATAM,https://linkedin.com/in/samaramejia,https://chingonventures.com,chingonventures.com,Tier 5 - Diversity Focus,8/10,Individual Angel focused on Consumer / Fintech / LATAM. Stage: Pre-Seed to Seed. Check: $10K-$100K.,Apply: https://chingonventures.com,None,Not Contacted,,Medium,Medium
Brittany Davis,,Atlanta,GA,US,Individual Angel,Pre-Seed to Seed,Consumer / Health / Diverse Founders,https://linkedin.com/in/brittanydavis,,,Tier 5 - Diversity Focus,7/10,Individual Angel focused on Consumer / Health / Diverse Founders. Stage: Pre-Seed to Seed. Check: $10K-$50K.,Research needed,None,Not Contacted,,Slow,Low-Medium
Andrea Barrica,,San Francisco,CA,US,Individual Angel,Pre-Seed to Seed,Consumer / Sexual Health / Female,https://linkedin.com/in/andreabarrica,,,Tier 5 - Diversity Focus,7/10,Individual Angel focused on Consumer / Sexual Health / Female. Stage: Pre-Seed to Seed. Check: $5K-$50K.,Research needed,None,Not Contacted,,Slow,Low-Medium
Pocket Sun,,San Francisco,CA,US,Individual Angel,Pre-Seed to Seed,Female Founders / Consumer / Health,https://linkedin.com/in/pocketsun,https://sogalventures.com,sogalventures.com,Tier 5 - Diversity Focus,7/10,Individual Angel focused on Female Founders / Consumer / Health. Stage: Pre-Seed to Seed. Check: $10K-$100K.,Apply: https://sogalventures.com,None,Not Contacted,,Medium,Medium
Clearco (Andrew D'Souza),,Toronto,,Canada,Syndicate,Pre-Seed to Seed,E-commerce / DTC / SaaS,https://linkedin.com/in/andrewdsouza,https://clear.co,clear.co,Tier 4 - Syndicate,8/10,Syndicate focused on E-commerce / DTC / SaaS. Stage: Pre-Seed to Seed. Check: $10K-$10M (revenue-based).,Apply: https://clear.co,None,Not Contacted,,Medium,Medium
Benjamin Grubbs,,Los Angeles,CA,US,Individual Angel,Pre-Seed to Seed,Creator Economy / Media / Consumer,https://linkedin.com/in/benjamingrubbs,,,Tier 2 - Super Angel,7/10,Individual Angel focused on Creator Economy / Media / Consumer. Stage: Pre-Seed to Seed. Check: $10K-$100K.,Research needed,None,Not Contacted,,Slow,Low-Medium
Sarah Chen,,New York,NY,US,Individual Angel,Pre-Seed to Seed,Fintech / AI / Enterprise,https://linkedin.com/in/sarahchen,,,Tier 5 - Diversity Focus,8/10,Individual Angel focused on Fintech / AI / Enterprise. Stage: Pre-Seed to Seed. Check: $10K-$100K.,Research needed,None,Not Contacted,,Slow,Low-Medium
Tiffany Zhong,,San Francisco,CA,US,Individual Angel,Pre-Seed to Seed,Consumer / Gen Z / Social,https://linkedin.com/in/tiffanyzhong,,,Tier 5 - Diversity Focus,7/10,Individual Angel focused on Consumer / Gen Z / Social. Stage: Pre-Seed to Seed. Check: $5K-$50K.,Research needed,None,Not Contacted,,Medium,Medium
Elizabeth Yin,,San Francisco,CA,US,Individual Angel,Pre-Seed to Seed,SaaS / Consumer / Diverse Founders,https://linkedin.com/in/elizabethyin,https://hustlefund.vc,hustlefund.vc,Tier 5 - Diversity Focus,8/10,Individual Angel focused on SaaS / Consumer / Diverse Founders. Stage: Pre-Seed to Seed. Check: $25K-$250K.,Apply: https://hustlefund.vc,None,Not Contacted,,Medium,Medium
Eric Bahn,,San Francisco,CA,US,Individual Angel,Pre-Seed to Seed,Consumer / Fintech / Diverse Founders,https://linkedin.com/in/ericbahn,https://hustlefund.vc,hustlefund.vc,Tier 5 - Diversity Focus,8/10,Individual Angel focused on Consumer / Fintech / Diverse Founders. Stage: Pre-Seed to Seed. Check: $25K-$250K.,Apply: https://hustlefund.vc,None,Not Contacted,,Medium,Medium
Obi Felten,,London,,UK,Individual Angel,Pre-Seed to Seed,Deep Tech / Moonshots / Health,https://linkedin.com/in/obifelten,,,Tier 5 - Diversity Focus,7/10,Individual Angel focused on Deep Tech / Moonshots / Health. Stage: Pre-Seed to Seed. Check: $25K-$250K.,Research needed,None,Not Contacted,,Slow,Low-Medium
Reshma Saujani,,New York,NY,US,Individual Angel,Pre-Seed to Seed,EdTech / Female Founders / Social Impact,https://linkedin.com/in/reshmasaujani,https://girlswhocode.com,girlswhocode.com,Tier 5 - Diversity Focus,7/10,Individual Angel focused on EdTech / Female Founders / Social Impact. Stage: Pre-Seed to Seed. Check: $10K-$100K.,Research needed,None,Not Contacted,,Slow,Low-Medium
Leila Janah,,San Francisco,CA,US,Individual Angel,Pre-Seed to Seed,Impact / AI / Social Enterprise,https://linkedin.com/in/ljanah,https://samagroup.org,samagroup.org,Tier 5 - Diversity Focus,8/10,Individual Angel focused on Impact / AI / Social Enterprise. Stage: Pre-Seed to Seed. Check: $10K-$100K.,Research needed,None,Not Contacted,,Slow,Low-Medium
Stacy Brown-Philpot,,Oakland,CA,US,Individual Angel,Pre-Seed to Seed,Consumer / Enterprise / Marketplace,https://linkedin.com/in/stacybrownphilpot,,,Tier 5 - Diversity Focus,8/10,Individual Angel focused on Consumer / Enterprise / Marketplace. Stage: Pre-Seed to Seed. Check: $25K-$250K.,Research needed,None,Not Contacted,,Slow,Low-Medium
Wayne Chang,,San Francisco,CA,US,Individual Angel,Pre-Seed to Seed,Consumer / Crypto / Social,https://linkedin.com/in/waynechang,,,Tier 5 - Diversity Focus,7/10,Individual Angel focused on Consumer / Crypto / Social. Stage: Pre-Seed to Seed. Check: $10K-$100K.,Research needed,None,Not Contacted,,Slow,Low-Medium
Paul Buccheit,,San Francisco,CA,US,Individual Angel,Pre-Seed to Seed,Consumer / AI / Developer Tools,https://linkedin.com/in/paulbuccheit,,,Tier 2 - Super Angel,8/10,Individual Angel focused on Consumer / AI / Developer Tools. Stage: Pre-Seed to Seed. Check: $25K-$250K.,Research needed,None,Not Contacted,,Slow,Low-Medium
Jessica Livingston,,San Francisco,CA,US,Individual Angel,Pre-Seed to Seed,Tech / Consumer / Enterprise,https://linkedin.com/in/jessicalivingston,https://ycombinator.com,ycombinator.com,Tier 5 - Diversity Focus,8/10,Individual Angel focused on Tech / Consumer / Enterprise. Stage: Pre-Seed to Seed. Check: $10K-$100K.,Research needed,None,Not Contacted,,Slow,Low-Medium
Brad Feld,,Boulder,CO,US,Individual Angel,Seed to Series A,Tech / Enterprise / SaaS,https://linkedin.com/in/bfeld,https://foundrygroup.com,foundrygroup.com,Tier 2 - Super Angel,8/10,Individual Angel focused on Tech / Enterprise / SaaS. Stage: Seed to Series A. Check: $25K-$500K.,Research needed,None,Not Contacted,,Slow,Low-Medium
David Cohen,,Boulder,CO,US,Individual Angel,Pre-Seed to Seed,Tech / Diverse Sectors,https://linkedin.com/in/davidgcohen,https://techstars.com,techstars.com,Tier 2 - Super Angel,7/10,Individual Angel focused on Tech / Diverse Sectors. Stage: Pre-Seed to Seed. Check: $10K-$250K.,Apply: https://techstars.com,None,Not Contacted,,Medium,Medium
Kanyi Maqubela,,San Francisco,CA,US,Individual Angel,Pre-Seed to Seed,Consumer / Health / Impact,https://linkedin.com/in/kanyimaqubela,https://kindredvc.com,kindredvc.com,Tier 5 - Diversity Focus,7/10,Individual Angel focused on Consumer / Health / Impact. Stage: Pre-Seed to Seed. Check: $25K-$250K.,Apply: https://kindredvc.com,None,Not Contacted,,Medium,Medium
Ben Casnocha,,San Francisco,CA,US,Individual Angel,Pre-Seed to Seed,Enterprise / Consumer / Books,https://linkedin.com/in/casnocha,,,Tier 2 - Super Angel,8/10,Individual Angel focused on Enterprise / Consumer / Books. Stage: Pre-Seed to Seed. Check: $10K-$100K.,Research needed,None,Not Contacted,,Slow,Low-Medium
Chris Yeh,,San Francisco,CA,US,Individual Angel,Pre-Seed to Seed,Enterprise / Consumer / Growth,https://linkedin.com/in/chrisyeh,,,Tier 5 - Diversity Focus,8/10,Individual Angel focused on Enterprise / Consumer / Growth. Stage: Pre-Seed to Seed. Check: $10K-$100K.,Research needed,None,Not Contacted,,Slow,Low-Medium
Caterina Fake,,San Francisco,CA,US,Individual Angel,Pre-Seed to Seed,Consumer / Social / AI,https://linkedin.com/in/caterinafake,https://yesvc.com,yesvc.com,Tier 5 - Diversity Focus,8/10,Individual Angel focused on Consumer / Social / AI. Stage: Pre-Seed to Seed. Check: $25K-$250K.,Research needed,None,Not Contacted,,Slow,Low-Medium
Stewart Butterfield,,San Francisco,CA,US,Individual Angel,Pre-Seed to Seed,Enterprise / Consumer / Gaming,https://linkedin.com/in/saborkin,,,Tier 2 - Super Angel,8/10,Individual Angel focused on Enterprise / Consumer / Gaming. Stage: Pre-Seed to Seed. Check: $25K-$500K.,Research needed,None,Not Contacted,,Slow,Low-Medium
Tony Fadell,,Paris,,US,Individual Angel,Pre-Seed to Seed,Hardware / IoT / Climate,https://linkedin.com/in/tonyfadell,https://futuresha.pe,futuresha.pe,Tier 2 - Super Angel,7/10,Individual Angel focused on Hardware / IoT / Climate. Stage: Pre-Seed to Seed. Check: $50K-$500K.,Research needed,None,Not Contacted,,Slow,Low-Medium
Biz Stone,,San Francisco,CA,US,Individual Angel,Pre-Seed to Seed,Consumer / Social / Media,https://linkedin.com/in/bizstone,,,Tier 2 - Super Angel,7/10,Individual Angel focused on Consumer / Social / Media. Stage: Pre-Seed to Seed. Check: $25K-$250K.,Research needed,None,Not Contacted,,Slow,Low-Medium
Mike Krieger,,San Francisco,CA,US,Individual Angel,Pre-Seed to Seed,Consumer / Social / Design,https://linkedin.com/in/mikekrieger,,,Tier 2 - Super Angel,7/10,Individual Angel focused on Consumer / Social / Design. Stage: Pre-Seed to Seed. Check: $25K-$250K.,Research needed,None,Not Contacted,,Slow,Low-Medium
Kevin Systrom,,San Francisco,CA,US,Individual Angel,Pre-Seed to Seed,Consumer / Social / AI,https://linkedin.com/in/kevinsystrom,,,Tier 2 - Super Angel,8/10,Individual Angel focused on Consumer / Social / AI. Stage: Pre-Seed to Seed. Check: $50K-$500K.,Research needed,None,Not Contacted,,Slow,Low-Medium
Jan Koum,,San Francisco,CA,US,Individual Angel,Seed to Series A,Consumer / Privacy / Messaging,https://linkedin.com/in/jankoum,,,Tier 2 - Super Angel,7/10,Individual Angel focused on Consumer / Privacy / Messaging. Stage: Seed to Series A. Check: $100K-$5M.,Research needed,None,Not Contacted,,Slow,Low-Medium
Dustin Moskovitz,,San Francisco,CA,US,Individual Angel,Seed to Series A,Enterprise / Productivity / Impact,https://linkedin.com/in/dustinmoskovitz,https://openphilanthropy.org,openphilanthropy.org,Tier 2 - Super Angel,8/10,Individual Angel focused on Enterprise / Productivity / Impact. Stage: Seed to Series A. Check: $100K-$5M.,Research needed,None,Not Contacted,,Slow,Low-Medium
Sheryl Sandberg,,Menlo Park,CA,US,Individual Angel,Pre-Seed to Seed,Consumer / Enterprise / Female Founders,https://linkedin.com/in/sherylsandberg,,,Tier 5 - Diversity Focus,8/10,Individual Angel focused on Consumer / Enterprise / Female Founders. Stage: Pre-Seed to Seed. Check: $50K-$500K.,Research needed,None,Not Contacted,,Slow,Low-Medium
Hosain Rahman,,San Francisco,CA,US,Individual Angel,Pre-Seed to Seed,Hardware / IoT / Health,https://linkedin.com/in/hosainrahman,,,Tier 2 - Super Angel,7/10,Individual Angel focused on Hardware / IoT / Health. Stage: Pre-Seed to Seed. Check: $10K-$100K.,Research needed,None,Not Contacted,,Slow,Low-Medium
Justin Waldron,,San Francisco,CA,US,Individual Angel,Pre-Seed to Seed,Gaming / Consumer / Social,https://linkedin.com/in/justinwaldron,,,Tier 2 - Super Angel,7/10,Individual Angel focused on Gaming / Consumer / Social. Stage: Pre-Seed to Seed. Check: $10K-$100K.,Research needed,None,Not Contacted,,Slow,Low-Medium
Mark Pincus,,San Francisco,CA,US,Individual Angel,Seed to Series A,Gaming / Consumer / Social,https://linkedin.com/in/markpincus,,,Tier 2 - Super Angel,7/10,Individual Angel focused on Gaming / Consumer / Social. Stage: Seed to Series A. Check: $50K-$500K.,Research needed,None,Not Contacted,,Slow,Low-Medium
Othman Laraki,,San Francisco,CA,US,Individual Angel,Pre-Seed to Seed,Health / AI / Consumer,https://linkedin.com/in/othmanlaraki,,,Tier 2 - Super Angel,8/10,Individual Angel focused on Health / AI / Consumer. Stage: Pre-Seed to Seed. Check: $25K-$250K.,Research needed,None,Not Contacted,,Slow,Low-Medium
Alfred Lin,,San Francisco,CA,US,Individual Angel,Seed to Series A,Consumer / Enterprise / Marketplace,https://linkedin.com/in/alin,https://sequoiacap.com,sequoiacap.com,Tier 5 - Diversity Focus,8/10,Individual Angel focused on Consumer / Enterprise / Marketplace. Stage: Seed to Series A. Check: $50K-$500K.,Research needed,None,Not Contacted,,Slow,Low-Medium
Cyan Banister (Long Journey Ventures),,US,,US,Individual Angel,Pre-Seed to Seed,Frontier Tech / AI / Consumer,https://linkedin.com/in/cyanbanister,https://longjourney.vc,longjourney.vc,Tier 5 - Diversity Focus,8/10,Individual Angel focused on Frontier Tech / AI / Consumer. Stage: Pre-Seed to Seed. Check: $25K-$250K.,Research needed,None,Not Contacted,,Slow,Low-Medium
Howard Morgan,,New York,NY,US,Individual Angel,Pre-Seed to Seed,Tech / Enterprise / AI,https://linkedin.com/in/howardmorgan,https://brventures.com,brventures.com,Tier 2 - Super Angel,8/10,Individual Angel focused on Tech / Enterprise / AI. Stage: Pre-Seed to Seed. Check: $25K-$250K.,Apply: https://brventures.com,None,Not Contacted,,Medium,Medium
Josh Kopelman,,Philadelphia,PA,US,Individual Angel,Seed to Series A,Consumer / Enterprise / Marketplace,https://linkedin.com/in/jkopelman,https://firstround.com,firstround.com,Tier 2 - Super Angel,8/10,Individual Angel focused on Consumer / Enterprise / Marketplace. Stage: Seed to Series A. Check: $50K-$500K.,Research needed,None,Not Contacted,,Slow,Low-Medium
Howard Lindzon,,San Diego,CA,US,Individual Angel,Pre-Seed to Seed,Fintech / Social / Consumer,https://linkedin.com/in/howardlindzon,https://socialleverage.com,socialleverage.com,Tier 2 - Super Angel,8/10,Individual Angel focused on Fintech / Social / Consumer. Stage: Pre-Seed to Seed. Check: $10K-$100K.,Apply: https://socialleverage.com,None,Not Contacted,,Medium,Medium
Dave McClure,,San Francisco,CA,US,Individual Angel,Pre-Seed to Seed,Consumer / Global / Diverse Founders,https://linkedin.com/in/davemcclure,https://500.co,500.co,Tier 2 - Super Angel,7/10,Individual Angel focused on Consumer / Global / Diverse Founders. Stage: Pre-Seed to Seed. Check: $25K-$250K.,Apply: https://500.co,None,Not Contacted,,Medium,Medium
Josh Felser,,San Francisco,CA,US,Individual Angel,Pre-Seed to Seed,Enterprise / Consumer / Cannabis,https://linkedin.com/in/joshfelser,https://freestyle.vc,freestyle.vc,Tier 2 - Super Angel,8/10,Individual Angel focused on Enterprise / Consumer / Cannabis. Stage: Pre-Seed to Seed. Check: $10K-$100K.,Apply: https://freestyle.vc,None,Not Contacted,,Medium,Medium
Andy Weissman,,New York,NY,US,Individual Angel,Pre-Seed to Seed,Consumer / Web3 / Developer,https://linkedin.com/in/andyweissman,https://usv.com,usv.com,Tier 2 - Super Angel,7/10,Individual Angel focused on Consumer / Web3 / Developer. Stage: Pre-Seed to Seed. Check: $25K-$250K.,Research needed,None,Not Contacted,,Slow,Low-Medium
Fred Wilson,,New York,NY,US,Individual Angel,Seed to Series A,Consumer / Enterprise / Crypto,https://linkedin.com/in/fredwilson,https://usv.com,usv.com,Tier 2 - Super Angel,8/10,Individual Angel focused on Consumer / Enterprise / Crypto. Stage: Seed to Series A. Check: $50K-$500K.,Research needed,None,Not Contacted,,Slow,Low-Medium
Albert Wenger,,New York,NY,US,Individual Angel,Seed to Series A,Deep Tech / AI / Climate,https://linkedin.com/in/albertwenger,https://usv.com,usv.com,Tier 2 - Super Angel,8/10,Individual Angel focused on Deep Tech / AI / Climate. Stage: Seed to Series A. Check: $25K-$500K.,Research needed,None,Not Contacted,,Slow,Low-Medium
Brad Burnham,,New York,NY,US,Individual Angel,Seed to Series A,Enterprise / Infrastructure / Web3,https://linkedin.com/in/bradburnham,https://usv.com,usv.com,Tier 2 - Super Angel,8/10,Individual Angel focused on Enterprise / Infrastructure / Web3. Stage: Seed to Series A. Check: $25K-$500K.,Research needed,None,Not Contacted,,Slow,Low-Medium
Miriam Rivera,,Palo Alto,CA,US,Individual Angel,Pre-Seed to Seed,Enterprise / SaaS / Diverse Founders,https://linkedin.com/in/miriamrivera,https://uluventures.com,uluventures.com,Tier 5 - Diversity Focus,8/10,Individual Angel focused on Enterprise / SaaS / Diverse Founders. Stage: Pre-Seed to Seed. Check: $25K-$250K.,Apply: https://uluventures.com,None,Not Contacted,,Medium,Medium
Marcos Gonzalez,,Austin,TX,US,Individual Angel,Pre-Seed to Seed,Consumer / Enterprise / LatAm,https://linkedin.com/in/marcosgonzalez,https://latinxvcfund.com,latinxvcfund.com,Tier 5 - Diversity Focus,8/10,Individual Angel focused on Consumer / Enterprise / LatAm. Stage: Pre-Seed to Seed. Check: $10K-$100K.,Apply: https://latinxvcfund.com,None,Not Contacted,,Medium,Medium
Jesse Draper,,Los Angeles,CA,US,Individual Angel,Pre-Seed to Seed,Consumer / Female Founders / DTC,https://linkedin.com/in/jessedraper,https://halogenventures.com,halogenventures.com,Tier 5 - Diversity Focus,7/10,Individual Angel focused on Consumer / Female Founders / DTC. Stage: Pre-Seed to Seed. Check: $25K-$250K.,Apply: https://halogenventures.com,None,Not Contacted,,Medium,Medium
Tim Draper,,San Mateo,CA,US,Individual Angel,Seed to Series A,Tech / Crypto / Enterprise,https://linkedin.com/in/timdraper,https://draper.vc,draper.vc,Tier 2 - Super Angel,8/10,Individual Angel focused on Tech / Crypto / Enterprise. Stage: Seed to Series A. Check: $100K-$5M.,Research needed,None,Not Contacted,,Slow,Low-Medium
Sean O'Sullivan,,Princeton,NJ,US,Individual Angel,Pre-Seed to Seed,Tech / Enterprise / AI,https://linkedin.com/in/soaborkin,https://sosventures.com,sosventures.com,Tier 2 - Super Angel,8/10,Individual Angel focused on Tech / Enterprise / AI. Stage: Pre-Seed to Seed. Check: $25K-$250K.,Apply: https://sosventures.com,None,Not Contacted,,Medium,Medium
Betsy Atkins,,US,,US,Individual Angel,Pre-Seed to Seed,Enterprise / SaaS / Board Governance,https://linkedin.com/in/betsyatkins,,,Tier 5 - Diversity Focus,8/10,Individual Angel focused on Enterprise / SaaS / Board Governance. Stage: Pre-Seed to Seed. Check: $25K-$250K.,Research needed,None,Not Contacted,,Slow,Low-Medium
Hans Tung,,San Francisco,CA,Asia,Individual Angel,Seed to Series A,Consumer / Enterprise / Global,https://linkedin.com/in/hanstung,https://ggvc.com,ggvc.com,Tier 5 - Diversity Focus,8/10,Individual Angel focused on Consumer / Enterprise / Global. Stage: Seed to Series A. Check: $50K-$500K.,Research needed,None,Not Contacted,,Slow,Low-Medium
Jenny Lee,,Singapore,,Asia,Individual Angel,Seed to Series A,Enterprise / Deep Tech / Asia,https://linkedin.com/in/jaborkin,https://ggvc.com,ggvc.com,Tier 5 - Diversity Focus,8/10,Individual Angel focused on Enterprise / Deep Tech / Asia. Stage: Seed to Series A. Check: $50K-$500K.,Research needed,None,Not Contacted,,Slow,Low-Medium
Edith Yeung,,San Francisco,CA,Asia,Individual Angel,Pre-Seed to Seed,Mobile / China / AI,https://linkedin.com/in/edithyeung,,,Tier 5 - Diversity Focus,8/10,Individual Angel focused on Mobile / China / AI. Stage: Pre-Seed to Seed. Check: $10K-$100K.,Research needed,None,Not Contacted,,Medium,Medium
Ruben Harris,,San Francisco,CA,US,Individual Angel,Pre-Seed to Seed,Consumer / EdTech / Diverse Founders,https://linkedin.com/in/rubenharris,,,Tier 5 - Diversity Focus,7/10,Individual Angel focused on Consumer / EdTech / Diverse Founders. Stage: Pre-Seed to Seed. Check: $10K-$50K.,Research needed,None,Not Contacted,,Slow,Low-Medium
Mark Cuban,,Dallas,TX,US,Individual Angel,Pre-Seed to Series A,Consumer / Tech / Sports / Health,https://linkedin.com/in/markcuban,https://markcubancompanies.com,markcubancompanies.com,Tier 1 - Famous Angel,7/10,Individual Angel focused on Consumer / Tech / Sports / Health. Stage: Pre-Seed to Series A. Check: $25K-$1M.,Apply: https://markcubancompanies.com,None,Not Contacted,,Medium,Medium
Daymond John,,New York,NY,US,Individual Angel,Pre-Seed to Seed,Consumer / Fashion / DTC,https://linkedin.com/in/daymondjohn,https://daymondjohn.com,daymondjohn.com,Tier 5 - Diversity Focus,7/10,Individual Angel focused on Consumer / Fashion / DTC. Stage: Pre-Seed to Seed. Check: $25K-$500K.,Apply: https://daymondjohn.com,None,Not Contacted,,Medium,Medium
Robert Herjavec,,Toronto,,US,Individual Angel,Pre-Seed to Seed,Cybersecurity / Enterprise / Tech,https://linkedin.com/in/robertherjavec,https://herjavecgroup.com,herjavecgroup.com,Tier 2 - Super Angel,8/10,Individual Angel focused on Cybersecurity / Enterprise / Tech. Stage: Pre-Seed to Seed. Check: $25K-$500K.,Apply: https://herjavecgroup.com,None,Not Contacted,,Medium,Medium
Lori Greiner,,Chicago,IL,US,Individual Angel,Pre-Seed to Seed,Consumer / DTC / Retail,https://linkedin.com/in/lorigreiner,https://lorigreiner.com,lorigreiner.com,Tier 5 - Diversity Focus,7/10,Individual Angel focused on Consumer / DTC / Retail. Stage: Pre-Seed to Seed. Check: $25K-$500K.,Apply: https://lorigreiner.com,None,Not Contacted,,Medium,Medium
Barbara Corcoran,,New York,NY,US,Individual Angel,Pre-Seed to Seed,Consumer / Real Estate / DTC,https://linkedin.com/in/barbaracorcoran,https://barbaracorcoran.com,barbaracorcoran.com,Tier 5 - Diversity Focus,7/10,Individual Angel focused on Consumer / Real Estate / DTC. Stage: Pre-Seed to Seed. Check: $25K-$250K.,Apply: https://barbaracorcoran.com,None,Not Contacted,,Medium,Medium
Kevin O'Leary (Mr. Wonderful),,Toronto,,US,Individual Angel,Pre-Seed to Seed,Consumer / Fintech / DTC,https://linkedin.com/in/kevinoleary,https://kevinoleary.com,kevinoleary.com,Tier 2 - Super Angel,8/10,Individual Angel focused on Consumer / Fintech / DTC. Stage: Pre-Seed to Seed. Check: $25K-$500K.,Apply: https://kevinoleary.com,None,Not Contacted,,Medium,Medium
PropTech Angel Syndicate,,US,,US,Syndicate,Pre-Seed to Seed,Real Estate Tech / PropTech / Construction,,https://angellist.com,angellist.com,Tier 4 - Syndicate,7/10,Syndicate focused on Real Estate Tech / PropTech / Construction. Stage: Pre-Seed to Seed. Check: $1K-$25K (per LP).,Apply: https://angellist.com,None,Not Contacted,,Slow,Low-Medium
Foodtech Angels Syndicate,,US,,Europe,Syndicate,Pre-Seed to Seed,FoodTech / AgTech / CPG,,https://angellist.com,angellist.com,Tier 4 - Syndicate,7/10,Syndicate focused on FoodTech / AgTech / CPG. Stage: Pre-Seed to Seed. Check: $1K-$25K (per LP).,Apply: https://angellist.com,None,Not Contacted,,Slow,Low-Medium
